Orthogroup	Species	ACYPI	Orthologs
OG0000000	SIPHA	Phy00BWYU1_ACYPI, Phy000YERN_ACYPI, Phy007B5SL_ACYPI, Phy0010904_ACYPI, Phy00BWZPL_ACYPI, Phy00BX0EP_ACYPI, Phy00BX2GR_ACYPI, Phy00BX0YT_ACYPI, Phy00BWZ7U_ACYPI, Phy00BX36V_ACYPI	Phy00DEY36_SIPHA
OG0000000	MYZPE	Phy00BWYU1_ACYPI	Phy007AQ1S_MYZPE
OG0000000	MYZPE	Phy000YERN_ACYPI	Phy007AZVI_MYZPE
OG0000000	MYZPE	Phy007B5SL_ACYPI	Phy007APX7_MYZPE, Phy007AXYQ_MYZPE
OG0000000	MYZPE	Phy0010904_ACYPI	Phy007ANJV_MYZPE
OG0000000	MYZPE	Phy00BWZPL_ACYPI	Phy007ANNR_MYZPE, Phy007AZK2_MYZPE, Phy007AO77_MYZPE
OG0000000	MYZPE	Phy00BX0EP_ACYPI	Phy007APVO_MYZPE
OG0000000	MYZPE	Phy00BX2GR_ACYPI	Phy007ATEY_MYZPE
OG0000000	MYZPE	Phy00BX0YT_ACYPI	Phy007AT0P_MYZPE, Phy007ARQ5_MYZPE
OG0000000	MYZPE	Phy00BWZ7U_ACYPI	Phy007AQLN_MYZPE
OG0000000	MYZPE	Phy00BX36V_ACYPI	Phy007AYEX_MYZPE, Phy007AX6C_MYZPE, Phy007ATY3_MYZPE
OG0000001	SIPHA	Phy00BWYUS_ACYPI, Phy00BWWAG_ACYPI, Phy00BX47C_ACYPI	Phy00DEZ43_SIPHA
OG0000001	MYZPE	Phy00BWYUS_ACYPI	Phy007APY3_MYZPE
OG0000001	MYZPE	Phy00BWWAG_ACYPI	Phy007ALWY_MYZPE, Phy007AQS1_MYZPE
OG0000001	MYZPE	Phy00BX47C_ACYPI	Phy007AMPM_MYZPE, Phy007AONY_MYZPE, Phy007AYSI_MYZPE, Phy007AZ12_MYZPE, Phy007ANVY_MYZPE
OG0000002	MYZPE	Phy000YQJS_ACYPI, Phy000YM22_ACYPI, Phy00108OL_ACYPI, Phy0010CGL_ACYPI, Phy00427T9_ACYPI, Phy000YNOI_ACYPI, Phy000YOD3_ACYPI, Phy00BWXNB_ACYPI, Phy00BWX03_ACYPI, Phy000YKW1_ACYPI, Phy000YEY6_ACYPI, Phy00108XS_ACYPI, Phy000YNKS_ACYPI, Phy00429KH_ACYPI, Phy00423OC_ACYPI	Phy007AWS9_MYZPE
OG0000003	SIPHA	Phy00BWXV7_ACYPI, Phy00BWXF6_ACYPI, Phy0041ZJG_ACYPI	Phy00DF5NL_SIPHA
OG0000003	MYZPE	Phy00BWXF6_ACYPI	Phy007APAZ_MYZPE
OG0000003	MYZPE	Phy0041ZJG_ACYPI	Phy007AO6Y_MYZPE, Phy007ANP1_MYZPE
OG0000004	SIPHA	Phy00BX4EA_ACYPI, Phy00BX2WJ_ACYPI, Phy00BWVH3_ACYPI	Phy00DF4A7_SIPHA, Phy00DEWA6_SIPHA, Phy00DESUE_SIPHA, Phy00DET0Q_SIPHA, Phy00DEYGR_SIPHA, Phy00DEYUT_SIPHA
OG0000004	MYZPE	Phy00BX4EA_ACYPI, Phy00BX2WJ_ACYPI, Phy00BWVH3_ACYPI	Phy007AS8G_MYZPE, Phy007AS8X_MYZPE
OG0000005	SIPHA	Phy007B41V_ACYPI, Phy00BWXR7_ACYPI, Phy00BX0GK_ACYPI, Phy00BX0ZP_ACYPI	Phy00DEZGR_SIPHA
OG0000005	MYZPE	Phy007B41V_ACYPI	Phy007AZRU_MYZPE, Phy007AMG2_MYZPE
OG0000005	MYZPE	Phy00BWXR7_ACYPI, Phy00BX0GK_ACYPI, Phy00BX0ZP_ACYPI	Phy007AY06_MYZPE, Phy007AOGX_MYZPE
OG0000006	SIPHA	Phy000XQ1P_ACYPI, Phy00BWVFM_ACYPI	Phy00DF5E5_SIPHA
OG0000006	MYZPE	Phy000XQ1P_ACYPI, Phy00BWVFM_ACYPI	Phy007AZJ2_MYZPE, Phy007AXCW_MYZPE, Phy007ANEM_MYZPE, Phy007AQ9I_MYZPE, Phy007ANB5_MYZPE
OG0000007	SIPHA	Phy00BWZTY_ACYPI, Phy00BWW63_ACYPI	Phy00DF1YQ_SIPHA, Phy00DEWBG_SIPHA
OG0000007	MYZPE	Phy00BWZTY_ACYPI	Phy007AQEA_MYZPE, Phy007AP6B_MYZPE, Phy007AMN4_MYZPE
OG0000007	MYZPE	Phy00BWW63_ACYPI	Phy007AO55_MYZPE
OG0000008	SIPHA	Phy00BWWY7_ACYPI, Phy00BX4O6_ACYPI, Phy00BWWXJ_ACYPI	Phy00DETQH_SIPHA, Phy00DESZ8_SIPHA
OG0000008	MYZPE	Phy00BWWY7_ACYPI, Phy00BX4O6_ACYPI	Phy007AWRQ_MYZPE
OG0000008	MYZPE	Phy00BWWXJ_ACYPI	Phy007AMST_MYZPE
OG0000009	SIPHA	Phy00BWVXA_ACYPI, Phy00BWWRC_ACYPI	Phy00DF24V_SIPHA
OG0000009	MYZPE	Phy00BWVXA_ACYPI	Phy007AZ36_MYZPE
OG0000009	MYZPE	Phy00BWWRC_ACYPI	Phy007ARQN_MYZPE
OG0000010	SIPHA	Phy0042EDV_ACYPI, Phy0042AQW_ACYPI, Phy0010BYG_ACYPI, Phy00BX2H1_ACYPI	Phy00DESNJ_SIPHA
OG0000010	MYZPE	Phy0042EDV_ACYPI, Phy0042AQW_ACYPI, Phy0010BYG_ACYPI, Phy00BX2H1_ACYPI	Phy007AWWE_MYZPE
OG0000011	SIPHA	Phy0010FJY_ACYPI, Phy0010H4C_ACYPI	Phy00DF4E9_SIPHA
OG0000011	MYZPE	Phy0010FJY_ACYPI, Phy0010H4C_ACYPI	Phy007AZIM_MYZPE, Phy007AVBU_MYZPE, Phy007AUHG_MYZPE
OG0000012	SIPHA	Phy00BX41V_ACYPI	Phy00DF0KK_SIPHA, Phy00DF0NU_SIPHA, Phy00DF0KM_SIPHA, Phy00DF0KI_SIPHA
OG0000012	MYZPE	Phy00BX41V_ACYPI	Phy007AYU2_MYZPE
OG0000013	SIPHA	Phy00107VZ_ACYPI	Phy00DEUC9_SIPHA, Phy00DEUBU_SIPHA, Phy00DEUCC_SIPHA, Phy00DEUBD_SIPHA
OG0000013	MYZPE	Phy00107VZ_ACYPI	Phy007AP5E_MYZPE
OG0000014	MYZPE	Phy00BWVTJ_ACYPI	Phy007AT3X_MYZPE, Phy007AOI3_MYZPE, Phy007AMC8_MYZPE, Phy007AND2_MYZPE, Phy007ALX2_MYZPE
OG0000015	SIPHA	Phy00BX0K4_ACYPI, Phy00BWZ6L_ACYPI	Phy00DEUUY_SIPHA
OG0000015	MYZPE	Phy00BX0K4_ACYPI, Phy00BWZ6L_ACYPI	Phy007AN98_MYZPE, Phy007AM3S_MYZPE
OG0000016	SIPHA	Phy0010FAG_ACYPI	Phy00DESPW_SIPHA, Phy00DEWTY_SIPHA, Phy00DEXCF_SIPHA
OG0000016	MYZPE	Phy0010FAG_ACYPI	Phy007AYVO_MYZPE
OG0000017	SIPHA	Phy00BX1R4_ACYPI	Phy00DF2C9_SIPHA, Phy00DF2CC_SIPHA, Phy00DF2CF_SIPHA
OG0000017	MYZPE	Phy00BX1R4_ACYPI	Phy007AV3L_MYZPE
OG0000018	SIPHA	Phy00429PL_ACYPI, Phy00BX3MD_ACYPI, Phy00BX2MU_ACYPI	Phy00DEZAC_SIPHA, Phy00DESHO_SIPHA
OG0000019	MYZPE	Phy00BWX67_ACYPI	Phy007AZBH_MYZPE, Phy007APZZ_MYZPE, Phy007AZVJ_MYZPE, Phy007AP9C_MYZPE
OG0000020	SIPHA	Phy000YMMJ_ACYPI	Phy00DESRV_SIPHA, Phy00DF03Q_SIPHA, Phy00DF5OB_SIPHA
OG0000020	MYZPE	Phy000YMMJ_ACYPI	Phy007AR1R_MYZPE
OG0000021	SIPHA	Phy00424H0_ACYPI	Phy00DEZVR_SIPHA
OG0000021	MYZPE	Phy00424H0_ACYPI	Phy007AYRM_MYZPE, Phy007AZOB_MYZPE, Phy007AYJM_MYZPE
OG0000022	SIPHA	Phy0042233_ACYPI, Phy00BWVQD_ACYPI	Phy00DF1D6_SIPHA
OG0000022	MYZPE	Phy0042233_ACYPI, Phy00BWVQD_ACYPI	Phy007ATFF_MYZPE, Phy007AV73_MYZPE
OG0000023	SIPHA	Phy00BX2JS_ACYPI	Phy00DETVS_SIPHA, Phy00DEYWF_SIPHA
OG0000023	MYZPE	Phy00BX2JS_ACYPI	Phy007AXT4_MYZPE
OG0000024	SIPHA	Phy00421MQ_ACYPI	Phy00DETWO_SIPHA
OG0000024	MYZPE	Phy00421MQ_ACYPI	Phy007AWM2_MYZPE, Phy007AN9F_MYZPE
OG0000025	SIPHA	Phy004291Q_ACYPI	Phy00DF362_SIPHA, Phy00DF1XS_SIPHA
OG0000025	MYZPE	Phy004291Q_ACYPI	Phy007AO71_MYZPE
OG0000026	SIPHA	Phy007B3L7_ACYPI	Phy00DEX1J_SIPHA
OG0000026	MYZPE	Phy007B3L7_ACYPI	Phy007AVCL_MYZPE, Phy007AO29_MYZPE
OG0000027	SIPHA	Phy0010DA1_ACYPI	Phy00DF4HV_SIPHA
OG0000027	MYZPE	Phy0010DA1_ACYPI	Phy007AR3X_MYZPE, Phy007AT8M_MYZPE
OG0000028	SIPHA	Phy0010HOS_ACYPI	Phy00DEWDE_SIPHA, Phy00DF3EK_SIPHA
OG0000028	MYZPE	Phy0010HOS_ACYPI	Phy007AZAN_MYZPE
OG0000029	SIPHA	Phy00BWXTO_ACYPI	Phy00DF03W_SIPHA
OG0000029	MYZPE	Phy00BWXTO_ACYPI	Phy007AWNL_MYZPE, Phy007AWYF_MYZPE
OG0000030	SIPHA	Phy000XQ3T_ACYPI, Phy00421EH_ACYPI	Phy00DF5Z6_SIPHA
OG0000030	MYZPE	Phy000XQ3T_ACYPI, Phy00421EH_ACYPI	Phy007AYFN_MYZPE
OG0000031	SIPHA	Phy0010E6E_ACYPI	Phy00DF2AK_SIPHA
OG0000031	MYZPE	Phy0010E6E_ACYPI	Phy007AQSF_MYZPE, Phy007AS04_MYZPE
OG0000032	SIPHA	Phy00BWX26_ACYPI	Phy00DF1EY_SIPHA, Phy00DEZ7G_SIPHA
OG0000032	MYZPE	Phy00BWX26_ACYPI	Phy007AVA2_MYZPE
OG0000033	SIPHA	Phy0010GP8_ACYPI, Phy00BWYA7_ACYPI	Phy00DF3XC_SIPHA
OG0000033	MYZPE	Phy0010GP8_ACYPI, Phy00BWYA7_ACYPI	Phy007ASVN_MYZPE
OG0000034	SIPHA	Phy000XPRZ_ACYPI	Phy00DF4UK_SIPHA
OG0000034	MYZPE	Phy000XPRZ_ACYPI	Phy007ATIK_MYZPE, Phy007ARNB_MYZPE
OG0000035	SIPHA	Phy0010I74_ACYPI	Phy00DEVHC_SIPHA, Phy00DEZM1_SIPHA
OG0000035	MYZPE	Phy0010I74_ACYPI	Phy007AUI1_MYZPE
OG0000036	SIPHA	Phy00BWXUW_ACYPI	Phy00DF4BA_SIPHA
OG0000036	MYZPE	Phy00BWXUW_ACYPI	Phy007ANU1_MYZPE, Phy007AOYK_MYZPE
OG0000037	SIPHA	Phy000XPLI_ACYPI, Phy00420LP_ACYPI	Phy00DEYQ9_SIPHA
OG0000037	MYZPE	Phy000XPLI_ACYPI, Phy00420LP_ACYPI	Phy007AM2D_MYZPE
OG0000038	SIPHA	Phy00BX0U5_ACYPI, Phy00BX2LA_ACYPI	Phy00DEZUD_SIPHA
OG0000038	MYZPE	Phy00BX0U5_ACYPI, Phy00BX2LA_ACYPI	Phy007ANAB_MYZPE
OG0000039	SIPHA	Phy00BX4OU_ACYPI	Phy00DEUZC_SIPHA, Phy00DEZDV_SIPHA
OG0000039	MYZPE	Phy00BX4OU_ACYPI	Phy007AW1W_MYZPE
OG0000040	SIPHA	Phy00BX2A1_ACYPI, Phy0042B0D_ACYPI	Phy00DEUUV_SIPHA
OG0000040	MYZPE	Phy00BX2A1_ACYPI, Phy0042B0D_ACYPI	Phy007AM3U_MYZPE
OG0000041	SIPHA	Phy0042DTH_ACYPI	Phy00DF4ZP_SIPHA, Phy00DF0WT_SIPHA
OG0000041	MYZPE	Phy0042DTH_ACYPI	Phy007AV5H_MYZPE
OG0000042	SIPHA	Phy0010HT6_ACYPI, Phy00BX2IV_ACYPI	Phy00DF2GH_SIPHA
OG0000042	MYZPE	Phy0010HT6_ACYPI, Phy00BX2IV_ACYPI	Phy007AV0S_MYZPE
OG0000043	SIPHA	Phy004255U_ACYPI, Phy0010HXC_ACYPI	Phy00DEVB9_SIPHA
OG0000043	MYZPE	Phy004255U_ACYPI, Phy0010HXC_ACYPI	Phy007AT9I_MYZPE
OG0000044	SIPHA	Phy0042CQV_ACYPI	Phy00DEYZL_SIPHA
OG0000044	MYZPE	Phy0042CQV_ACYPI	Phy007AXR8_MYZPE, Phy007AUC8_MYZPE
OG0000045	SIPHA	Phy00108PD_ACYPI	Phy00DEW6S_SIPHA
OG0000045	MYZPE	Phy00108PD_ACYPI	Phy007AYJ1_MYZPE, Phy007AVPH_MYZPE
OG0000046	SIPHA	Phy00422JE_ACYPI	Phy00DEUUS_SIPHA
OG0000046	MYZPE	Phy00422JE_ACYPI	Phy007AQTW_MYZPE, Phy007APEN_MYZPE
OG0000047	SIPHA	Phy0010CMB_ACYPI	Phy00DF50P_SIPHA
OG0000047	MYZPE	Phy0010CMB_ACYPI	Phy007AYRT_MYZPE, Phy007AU7L_MYZPE
OG0000048	SIPHA	Phy0010HB6_ACYPI	Phy00DEV8L_SIPHA, Phy00DF2XL_SIPHA
OG0000048	MYZPE	Phy0010HB6_ACYPI	Phy007AW92_MYZPE
OG0000049	SIPHA	Phy0042AP2_ACYPI	Phy00DEW6B_SIPHA
OG0000049	MYZPE	Phy0042AP2_ACYPI	Phy007AVPE_MYZPE, Phy007ASIO_MYZPE
OG0000050	SIPHA	Phy0010E2A_ACYPI	Phy00DF5BG_SIPHA
OG0000050	MYZPE	Phy0010E2A_ACYPI	Phy007AV1W_MYZPE, Phy007AOWM_MYZPE
OG0000051	SIPHA	Phy00420A6_ACYPI	Phy00DF4Q9_SIPHA, Phy00DF4DC_SIPHA
OG0000051	MYZPE	Phy00420A6_ACYPI	Phy007AQBQ_MYZPE
OG0000052	SIPHA	Phy0041ZIK_ACYPI	Phy00DEZZ6_SIPHA
OG0000052	MYZPE	Phy0041ZIK_ACYPI	Phy007AO3L_MYZPE, Phy007AQ7P_MYZPE
OG0000053	MYZPE	Phy00BWXF3_ACYPI	Phy007ASOK_MYZPE
OG0000053	SIPHA	Phy00BWXF3_ACYPI	Phy00DEY74_SIPHA
OG0000054	MYZPE	Phy00BX4MH_ACYPI	Phy007AMF2_MYZPE
OG0000054	SIPHA	Phy00BX4MH_ACYPI	Phy00DEZMZ_SIPHA
OG0000055	MYZPE	Phy00BX0HM_ACYPI	Phy007AVIO_MYZPE
OG0000055	SIPHA	Phy00BX0HM_ACYPI	Phy00DETPW_SIPHA
OG0000056	MYZPE	Phy00BWWNC_ACYPI	Phy007AQXA_MYZPE
OG0000056	SIPHA	Phy00BWWNC_ACYPI	Phy00DF0HW_SIPHA
OG0000057	SIPHA	Phy00BX1RB_ACYPI	Phy00DF0JM_SIPHA
OG0000057	MYZPE	Phy00BX1RB_ACYPI	Phy007AQXD_MYZPE
OG0000058	MYZPE	Phy004285C_ACYPI	Phy007AX66_MYZPE
OG0000058	SIPHA	Phy004285C_ACYPI	Phy00DF06Z_SIPHA
OG0000059	SIPHA	Phy00BX105_ACYPI	Phy00DF06X_SIPHA
OG0000059	MYZPE	Phy00BX105_ACYPI	Phy007AX6A_MYZPE
OG0000060	SIPHA	Phy0010FR9_ACYPI	Phy00DF632_SIPHA
OG0000060	MYZPE	Phy0010FR9_ACYPI	Phy007AXQD_MYZPE
OG0000061	MYZPE	Phy0010HBK_ACYPI	Phy007AS7X_MYZPE
OG0000061	SIPHA	Phy0010HBK_ACYPI	Phy00DEZTS_SIPHA
OG0000062	SIPHA	Phy0010FV0_ACYPI	Phy00DEZEU_SIPHA
OG0000062	MYZPE	Phy0010FV0_ACYPI	Phy007AWBD_MYZPE
OG0000063	SIPHA	Phy0042D1M_ACYPI	Phy00DF1DQ_SIPHA
OG0000063	MYZPE	Phy0042D1M_ACYPI	Phy007AVVM_MYZPE
OG0000064	SIPHA	Phy0010HSC_ACYPI	Phy00DF1V7_SIPHA
OG0000064	MYZPE	Phy0010HSC_ACYPI	Phy007ATAH_MYZPE
OG0000065	SIPHA	Phy0010EOY_ACYPI	Phy00DETB5_SIPHA
OG0000065	MYZPE	Phy0010EOY_ACYPI	Phy007AR10_MYZPE
OG0000066	SIPHA	Phy0042EP2_ACYPI	Phy00DEXUE_SIPHA
OG0000066	MYZPE	Phy0042EP2_ACYPI	Phy007AVQR_MYZPE
OG0000067	SIPHA	Phy0010ENY_ACYPI	Phy00DEYN8_SIPHA
OG0000067	MYZPE	Phy0010ENY_ACYPI	Phy007AW6C_MYZPE
OG0000068	SIPHA	Phy0010CUX_ACYPI	Phy00DEYB1_SIPHA
OG0000068	MYZPE	Phy0010CUX_ACYPI	Phy007AWDM_MYZPE
OG0000069	SIPHA	Phy0010FOJ_ACYPI	Phy00DEUHN_SIPHA
OG0000069	MYZPE	Phy0010FOJ_ACYPI	Phy007AWP1_MYZPE
OG0000070	MYZPE	Phy004232E_ACYPI	Phy007AWBG_MYZPE
OG0000070	SIPHA	Phy004232E_ACYPI	Phy00DEZDA_SIPHA
OG0000071	MYZPE	Phy0010D5A_ACYPI	Phy007APJP_MYZPE
OG0000071	SIPHA	Phy0010D5A_ACYPI	Phy00DET5N_SIPHA
OG0000072	MYZPE	Phy0010C98_ACYPI	Phy007ATD3_MYZPE
OG0000072	SIPHA	Phy0010C98_ACYPI	Phy00DEYJC_SIPHA
OG0000073	MYZPE	Phy00BX4QX_ACYPI	Phy007AUHV_MYZPE
OG0000073	SIPHA	Phy00BX4QX_ACYPI	Phy00DEZ95_SIPHA
OG0000074	SIPHA	Phy0041ZGL_ACYPI	Phy00DESKD_SIPHA
OG0000074	MYZPE	Phy0041ZGL_ACYPI	Phy007AQU7_MYZPE
OG0000075	MYZPE	Phy0042282_ACYPI	Phy007APZK_MYZPE
OG0000075	SIPHA	Phy0042282_ACYPI	Phy00DEW9T_SIPHA
OG0000076	MYZPE	Phy0010DI1_ACYPI	Phy007AZNR_MYZPE
OG0000076	SIPHA	Phy0010DI1_ACYPI	Phy00DF0EV_SIPHA
OG0000077	SIPHA	Phy00BX0C2_ACYPI	Phy00DF0DW_SIPHA
OG0000077	MYZPE	Phy00BX0C2_ACYPI	Phy007AZNK_MYZPE
OG0000078	MYZPE	Phy00BX239_ACYPI	Phy007AWOG_MYZPE
OG0000078	SIPHA	Phy00BX239_ACYPI	Phy00DEUK5_SIPHA
OG0000079	MYZPE	Phy00107GX_ACYPI	Phy007AWVN_MYZPE
OG0000079	SIPHA	Phy00107GX_ACYPI	Phy00DF2M6_SIPHA
OG0000080	MYZPE	Phy004281W_ACYPI	Phy007AM2C_MYZPE
OG0000080	SIPHA	Phy004281W_ACYPI	Phy00DEYPO_SIPHA
OG0000081	MYZPE	Phy0010HTN_ACYPI	Phy007ANJZ_MYZPE
OG0000081	SIPHA	Phy0010HTN_ACYPI	Phy00DEXCW_SIPHA
OG0000082	MYZPE	Phy00BX278_ACYPI	Phy007ATAZ_MYZPE, Phy007AMLH_MYZPE
OG0000083	SIPHA	Phy0042405_ACYPI	Phy00DF0EF_SIPHA
OG0000083	MYZPE	Phy0042405_ACYPI	Phy007AZO7_MYZPE
OG0000084	MYZPE	Phy004258G_ACYPI	Phy007AX2S_MYZPE
OG0000084	SIPHA	Phy004258G_ACYPI	Phy00DF1YD_SIPHA
OG0000085	MYZPE	Phy0042268_ACYPI	Phy007AOQ7_MYZPE
OG0000085	SIPHA	Phy0042268_ACYPI	Phy00DESFS_SIPHA
OG0000086	SIPHA	Phy0010BDV_ACYPI	Phy00DEY7H_SIPHA
OG0000086	MYZPE	Phy0010BDV_ACYPI	Phy007AWDL_MYZPE
OG0000087	SIPHA	Phy00424CQ_ACYPI	Phy00DEWR4_SIPHA
OG0000087	MYZPE	Phy00424CQ_ACYPI	Phy007ANOP_MYZPE
OG0000088	MYZPE	Phy000XPZO_ACYPI	Phy007AOJ9_MYZPE
OG0000088	SIPHA	Phy000XPZO_ACYPI	Phy00DF4VN_SIPHA
OG0000089	MYZPE	Phy0010EKE_ACYPI	Phy007AN85_MYZPE
OG0000089	SIPHA	Phy0010EKE_ACYPI	Phy00DEV83_SIPHA
OG0000090	MYZPE	Phy00BX52E_ACYPI	Phy007AYCZ_MYZPE
OG0000090	SIPHA	Phy00BX52E_ACYPI	Phy00DET01_SIPHA
OG0000091	MYZPE	Phy00420G8_ACYPI	Phy007AQD4_MYZPE
OG0000091	SIPHA	Phy00420G8_ACYPI	Phy00DEW00_SIPHA
OG0000092	SIPHA	Phy00427WM_ACYPI	Phy00DEWXO_SIPHA
OG0000092	MYZPE	Phy00427WM_ACYPI	Phy007AWCH_MYZPE
OG0000093	SIPHA	Phy00BX55U_ACYPI	Phy00DEV3H_SIPHA
OG0000093	MYZPE	Phy00BX55U_ACYPI	Phy007AZ9J_MYZPE
OG0000094	MYZPE	Phy000YFCC_ACYPI	Phy007AS56_MYZPE
OG0000094	SIPHA	Phy000YFCC_ACYPI	Phy00DF4CQ_SIPHA
OG0000095	SIPHA	Phy0042DPF_ACYPI	Phy00DF4CA_SIPHA
OG0000095	MYZPE	Phy0042DPF_ACYPI	Phy007AUW2_MYZPE
OG0000096	MYZPE	Phy00427AU_ACYPI	Phy007AS5O_MYZPE
OG0000096	SIPHA	Phy00427AU_ACYPI	Phy00DEYGN_SIPHA
OG0000097	SIPHA	Phy0010F0V_ACYPI	Phy00DEZSH_SIPHA
OG0000097	MYZPE	Phy0010F0V_ACYPI	Phy007AXG7_MYZPE
OG0000098	MYZPE	Phy0042CJT_ACYPI	Phy007AV29_MYZPE
OG0000098	SIPHA	Phy0042CJT_ACYPI	Phy00DEYBX_SIPHA
OG0000099	MYZPE	Phy000YIAO_ACYPI	Phy007AY4X_MYZPE
OG0000099	SIPHA	Phy000YIAO_ACYPI	Phy00DEWPO_SIPHA
OG0000100	SIPHA	Phy004258E_ACYPI	Phy00DEXBX_SIPHA
OG0000100	MYZPE	Phy004258E_ACYPI	Phy007ATXS_MYZPE
OG0000101	MYZPE	Phy0010HRQ_ACYPI	Phy007AS3A_MYZPE
OG0000101	SIPHA	Phy0010HRQ_ACYPI	Phy00DETT3_SIPHA
OG0000102	SIPHA	Phy004291W_ACYPI	Phy00DF30A_SIPHA
OG0000102	MYZPE	Phy004291W_ACYPI	Phy007AZGC_MYZPE
OG0000103	SIPHA	Phy00BWWQZ_ACYPI	Phy00DF1G4_SIPHA
OG0000103	MYZPE	Phy00BWWQZ_ACYPI	Phy007AXIQ_MYZPE
OG0000104	SIPHA	Phy00BX4C5_ACYPI	Phy00DF39N_SIPHA
OG0000104	MYZPE	Phy00BX4C5_ACYPI	Phy007AT9F_MYZPE
OG0000105	MYZPE	Phy00424VV_ACYPI	Phy007AU5X_MYZPE
OG0000105	SIPHA	Phy00424VV_ACYPI	Phy00DETEO_SIPHA
OG0000106	SIPHA	Phy00422Q3_ACYPI	Phy00DEUD2_SIPHA
OG0000106	MYZPE	Phy00422Q3_ACYPI	Phy007AVDW_MYZPE
OG0000107	SIPHA	Phy00BWYNY_ACYPI	Phy00DF0QK_SIPHA
OG0000107	MYZPE	Phy00BWYNY_ACYPI	Phy007AZ22_MYZPE
OG0000108	MYZPE	Phy00BX0X5_ACYPI	Phy007AOWQ_MYZPE, Phy007AYRP_MYZPE
OG0000109	MYZPE	Phy0010GL4_ACYPI	Phy007AQO3_MYZPE
OG0000109	SIPHA	Phy0010GL4_ACYPI	Phy00DF4RX_SIPHA
OG0000110	SIPHA	Phy0042CIF_ACYPI	Phy00DF2TS_SIPHA
OG0000110	MYZPE	Phy0042CIF_ACYPI	Phy007AZP1_MYZPE
OG0000111	MYZPE	Phy00BWY7G_ACYPI	Phy007AZSO_MYZPE
OG0000111	SIPHA	Phy00BWY7G_ACYPI	Phy00DEXS0_SIPHA
OG0000112	MYZPE	Phy0042CN4_ACYPI	Phy007AT1B_MYZPE
OG0000112	SIPHA	Phy0042CN4_ACYPI	Phy00DESLW_SIPHA
OG0000113	MYZPE	Phy0010HXB_ACYPI	Phy007AQI7_MYZPE
OG0000113	SIPHA	Phy0010HXB_ACYPI	Phy00DET9L_SIPHA
OG0000114	SIPHA	Phy00BWZWL_ACYPI	Phy00DEWLX_SIPHA
OG0000114	MYZPE	Phy00BWZWL_ACYPI	Phy007AQQO_MYZPE
OG0000115	SIPHA	Phy0042681_ACYPI	Phy00DF5OH_SIPHA
OG0000115	MYZPE	Phy0042681_ACYPI	Phy007AR2W_MYZPE
OG0000116	MYZPE	Phy0042515_ACYPI	Phy007AV27_MYZPE, Phy007AMP0_MYZPE
OG0000117	MYZPE	Phy00BX28T_ACYPI	Phy007AZO1_MYZPE
OG0000117	SIPHA	Phy00BX28T_ACYPI	Phy00DF0IX_SIPHA
OG0000118	SIPHA	Phy0041ZYC_ACYPI	Phy00DF64F_SIPHA
OG0000118	MYZPE	Phy0041ZYC_ACYPI	Phy007ANHD_MYZPE
OG0000119	MYZPE	Phy00BWZ4Q_ACYPI	Phy007AOCF_MYZPE
OG0000119	SIPHA	Phy00BWZ4Q_ACYPI	Phy00DF0P2_SIPHA
OG0000120	SIPHA	Phy00BX0LY_ACYPI	Phy00DEX0L_SIPHA
OG0000120	MYZPE	Phy00BX0LY_ACYPI	Phy007ANLI_MYZPE
OG0000121	SIPHA	Phy00427OA_ACYPI	Phy00DEXA7_SIPHA
OG0000121	MYZPE	Phy00427OA_ACYPI	Phy007AW00_MYZPE
OG0000122	SIPHA	Phy0010G3E_ACYPI	Phy00DEVJZ_SIPHA
OG0000122	MYZPE	Phy0010G3E_ACYPI	Phy007AN5M_MYZPE
OG0000123	SIPHA	Phy000XPX4_ACYPI	Phy00DF3P2_SIPHA
OG0000123	MYZPE	Phy000XPX4_ACYPI	Phy007AM88_MYZPE
OG0000124	MYZPE	Phy00423B8_ACYPI	Phy007ANT4_MYZPE
OG0000124	SIPHA	Phy00423B8_ACYPI	Phy00DEYDN_SIPHA
OG0000125	MYZPE	Phy0042C8J_ACYPI	Phy007ATNK_MYZPE
OG0000125	SIPHA	Phy0042C8J_ACYPI	Phy00DF4QL_SIPHA
OG0000126	MYZPE	Phy0010GWU_ACYPI	Phy007AS45_MYZPE
OG0000126	SIPHA	Phy0010GWU_ACYPI	Phy00DF3AO_SIPHA
OG0000127	MYZPE	Phy0042AKQ_ACYPI	Phy007AWGN_MYZPE
OG0000127	SIPHA	Phy0042AKQ_ACYPI	Phy00DEY5D_SIPHA
OG0000128	SIPHA	Phy00425AE_ACYPI	Phy00DF0M8_SIPHA
OG0000128	MYZPE	Phy00425AE_ACYPI	Phy007AS7N_MYZPE
OG0000129	MYZPE	Phy000YOFB_ACYPI	Phy007AYZS_MYZPE
OG0000129	SIPHA	Phy000YOFB_ACYPI	Phy00DF0BL_SIPHA
OG0000130	SIPHA	Phy00BX1RD_ACYPI	Phy00DF5K1_SIPHA
OG0000130	MYZPE	Phy00BX1RD_ACYPI	Phy007APFX_MYZPE
OG0000131	SIPHA	Phy0010ES6_ACYPI	Phy00DF3DQ_SIPHA
OG0000131	MYZPE	Phy0010ES6_ACYPI	Phy007AUEV_MYZPE
OG0000132	MYZPE	Phy00BWXBP_ACYPI	Phy007AWWV_MYZPE
OG0000132	SIPHA	Phy00BWXBP_ACYPI	Phy00DF4AX_SIPHA
OG0000133	SIPHA	Phy0010H0C_ACYPI	Phy00DEWPF_SIPHA
OG0000133	MYZPE	Phy0010H0C_ACYPI	Phy007ANOU_MYZPE
OG0000134	MYZPE	Phy0010BNZ_ACYPI	Phy007ANPN_MYZPE
OG0000134	SIPHA	Phy0010BNZ_ACYPI	Phy00DEUPN_SIPHA
OG0000135	SIPHA	Phy0010FFJ_ACYPI	Phy00DES6K_SIPHA
OG0000135	MYZPE	Phy0010FFJ_ACYPI	Phy007AQBP_MYZPE
OG0000136	MYZPE	Phy000YIWL_ACYPI	Phy007ATV9_MYZPE
OG0000136	SIPHA	Phy000YIWL_ACYPI	Phy00DEUYJ_SIPHA
OG0000137	SIPHA	Phy0010CD2_ACYPI	Phy00DEUAQ_SIPHA
OG0000137	MYZPE	Phy0010CD2_ACYPI	Phy007ARVD_MYZPE
OG0000138	MYZPE	Phy0042AZS_ACYPI	Phy007ANLB_MYZPE
OG0000138	SIPHA	Phy0042AZS_ACYPI	Phy00DEX0O_SIPHA
OG0000139	SIPHA	Phy004254Q_ACYPI	Phy00DF5GT_SIPHA
OG0000139	MYZPE	Phy004254Q_ACYPI	Phy007AMRS_MYZPE
OG0000140	MYZPE	Phy00BWZFH_ACYPI	Phy007AVUQ_MYZPE
OG0000140	SIPHA	Phy00BWZFH_ACYPI	Phy00DEY3S_SIPHA
OG0000141	SIPHA	Phy00BWZLR_ACYPI	Phy00DF40V_SIPHA
OG0000141	MYZPE	Phy00BWZLR_ACYPI	Phy007AWLJ_MYZPE
OG0000142	SIPHA	Phy00BX36H_ACYPI	Phy00DF0OR_SIPHA
OG0000142	MYZPE	Phy00BX36H_ACYPI	Phy007AQXX_MYZPE
OG0000143	MYZPE	Phy0010FY8_ACYPI	Phy007AXXL_MYZPE
OG0000143	SIPHA	Phy0010FY8_ACYPI	Phy00DESK1_SIPHA
OG0000144	SIPHA	Phy0010D42_ACYPI	Phy00DET9I_SIPHA
OG0000144	MYZPE	Phy0010D42_ACYPI	Phy007AZRO_MYZPE
OG0000145	MYZPE	Phy0010ETL_ACYPI	Phy007ATS6_MYZPE
OG0000145	SIPHA	Phy0010ETL_ACYPI	Phy00DEY7J_SIPHA
OG0000146	MYZPE	Phy0042F5L_ACYPI	Phy007ASN1_MYZPE
OG0000146	SIPHA	Phy0042F5L_ACYPI	Phy00DF2N7_SIPHA
OG0000147	MYZPE	Phy007B0JK_ACYPI	Phy007ANBD_MYZPE, Phy007AX0P_MYZPE
OG0000148	SIPHA	Phy0010GJT_ACYPI	Phy00DEX8W_SIPHA
OG0000148	MYZPE	Phy0010GJT_ACYPI	Phy007AUQA_MYZPE
OG0000149	SIPHA	Phy0010EUD_ACYPI	Phy00DF0MT_SIPHA
OG0000149	MYZPE	Phy0010EUD_ACYPI	Phy007AWW8_MYZPE
OG0000150	SIPHA	Phy00BWWXV_ACYPI	Phy00DEXWB_SIPHA
OG0000150	MYZPE	Phy00BWWXV_ACYPI	Phy007AOND_MYZPE
OG0000151	SIPHA	Phy0010BU8_ACYPI	Phy00DEZHJ_SIPHA
OG0000151	MYZPE	Phy0010BU8_ACYPI	Phy007ASV1_MYZPE
OG0000152	SIPHA	Phy00BX2N6_ACYPI	Phy00DEWK8_SIPHA
OG0000152	MYZPE	Phy00BX2N6_ACYPI	Phy007AT13_MYZPE
OG0000153	MYZPE	Phy0042BQO_ACYPI	Phy007AQRW_MYZPE
OG0000153	SIPHA	Phy0042BQO_ACYPI	Phy00DEVZN_SIPHA
OG0000154	MYZPE	Phy00BX0T2_ACYPI	Phy007AMVU_MYZPE
OG0000154	SIPHA	Phy00BX0T2_ACYPI	Phy00DF2F2_SIPHA
OG0000155	MYZPE	Phy0010G9G_ACYPI	Phy007APDR_MYZPE
OG0000155	SIPHA	Phy0010G9G_ACYPI	Phy00DEVVJ_SIPHA
OG0000156	SIPHA	Phy000XPD5_ACYPI	Phy00DF0M5_SIPHA
OG0000156	MYZPE	Phy000XPD5_ACYPI	Phy007AWW4_MYZPE
OG0000157	MYZPE	Phy0042D73_ACYPI	Phy007AXRQ_MYZPE
OG0000157	SIPHA	Phy0042D73_ACYPI	Phy00DF058_SIPHA
OG0000158	SIPHA	Phy000YQ3M_ACYPI	Phy00DEV55_SIPHA
OG0000158	MYZPE	Phy000YQ3M_ACYPI	Phy007AX6Z_MYZPE
OG0000159	SIPHA	Phy00BWZWY_ACYPI	Phy00DF1JF_SIPHA
OG0000159	MYZPE	Phy00BWZWY_ACYPI	Phy007ALUB_MYZPE
OG0000160	MYZPE	Phy00BX2ZY_ACYPI	Phy007AYQP_MYZPE
OG0000160	SIPHA	Phy00BX2ZY_ACYPI	Phy00DF4MN_SIPHA
OG0000161	SIPHA	Phy00BX207_ACYPI	Phy00DESPS_SIPHA
OG0000161	MYZPE	Phy00BX207_ACYPI	Phy007AMNM_MYZPE
OG0000162	SIPHA	Phy00BX529_ACYPI	Phy00DF3BN_SIPHA
OG0000162	MYZPE	Phy00BX529_ACYPI	Phy007ASZ2_MYZPE
OG0000163	MYZPE	Phy0010I6T_ACYPI	Phy007AMJZ_MYZPE
OG0000163	SIPHA	Phy0010I6T_ACYPI	Phy00DF5PV_SIPHA
OG0000164	MYZPE	Phy0010DWH_ACYPI	Phy007APIB_MYZPE
OG0000164	SIPHA	Phy0010DWH_ACYPI	Phy00DEUH3_SIPHA
OG0000165	MYZPE	Phy00BWY8I_ACYPI	Phy007AXA1_MYZPE, Phy007AZSS_MYZPE
OG0000166	MYZPE	Phy000YKXC_ACYPI	Phy007AY52_MYZPE
OG0000166	SIPHA	Phy000YKXC_ACYPI	Phy00DEW20_SIPHA
OG0000167	MYZPE	Phy000XQ1Q_ACYPI	Phy007AYMQ_MYZPE
OG0000167	SIPHA	Phy000XQ1Q_ACYPI	Phy00DF3MQ_SIPHA
OG0000168	MYZPE	Phy00428SG_ACYPI	Phy007AQLC_MYZPE
OG0000168	SIPHA	Phy00428SG_ACYPI	Phy00DEYMG_SIPHA
OG0000169	MYZPE	Phy00BWVA9_ACYPI	Phy007AYHJ_MYZPE
OG0000169	SIPHA	Phy00BWVA9_ACYPI	Phy00DEYUA_SIPHA
OG0000170	MYZPE	Phy0042AK1_ACYPI	Phy007AXG6_MYZPE
OG0000170	SIPHA	Phy0042AK1_ACYPI	Phy00DEZTM_SIPHA
OG0000171	SIPHA	Phy00422ZD_ACYPI	Phy00DEYQ4_SIPHA
OG0000171	MYZPE	Phy00422ZD_ACYPI	Phy007AM28_MYZPE
OG0000172	MYZPE	Phy0010CLO_ACYPI	Phy007AU5I_MYZPE
OG0000172	SIPHA	Phy0010CLO_ACYPI	Phy00DF38O_SIPHA
OG0000173	MYZPE	Phy00421Q8_ACYPI	Phy007ATOJ_MYZPE
OG0000173	SIPHA	Phy00421Q8_ACYPI	Phy00DEXOB_SIPHA
OG0000174	SIPHA	Phy00423DL_ACYPI	Phy00DEYBE_SIPHA
OG0000174	MYZPE	Phy00423DL_ACYPI	Phy007ANT8_MYZPE
OG0000175	SIPHA	Phy00428YY_ACYPI	Phy00DF167_SIPHA
OG0000175	MYZPE	Phy00428YY_ACYPI	Phy007ARYE_MYZPE
OG0000176	MYZPE	Phy000YJZF_ACYPI	Phy007AU0W_MYZPE
OG0000176	SIPHA	Phy000YJZF_ACYPI	Phy00DF04V_SIPHA
OG0000177	MYZPE	Phy00BWVPM_ACYPI	Phy007AP4J_MYZPE
OG0000177	SIPHA	Phy00BWVPM_ACYPI	Phy00DF4UJ_SIPHA
OG0000178	MYZPE	Phy00BX3OX_ACYPI	Phy007AUZ2_MYZPE
OG0000178	SIPHA	Phy00BX3OX_ACYPI	Phy00DF102_SIPHA
OG0000179	MYZPE	Phy0042DCZ_ACYPI	Phy007AWWX_MYZPE
OG0000179	SIPHA	Phy0042DCZ_ACYPI	Phy00DF3PY_SIPHA
OG0000180	SIPHA	Phy00BX0XL_ACYPI	Phy00DF5Q7_SIPHA
OG0000180	MYZPE	Phy00BX0XL_ACYPI	Phy007ALYC_MYZPE
OG0000181	SIPHA	Phy0010HGX_ACYPI	Phy00DEVP9_SIPHA
OG0000181	MYZPE	Phy0010HGX_ACYPI	Phy007AQA4_MYZPE
OG0000182	SIPHA	Phy0042AS9_ACYPI	Phy00DF21Z_SIPHA
OG0000182	MYZPE	Phy0042AS9_ACYPI	Phy007ALSN_MYZPE
OG0000183	SIPHA	Phy0042BSL_ACYPI	Phy00DF3SE_SIPHA
OG0000183	MYZPE	Phy0042BSL_ACYPI	Phy007AOQN_MYZPE
OG0000184	MYZPE	Phy0010BBQ_ACYPI	Phy007AT4M_MYZPE
OG0000184	SIPHA	Phy0010BBQ_ACYPI	Phy00DETAT_SIPHA
OG0000185	MYZPE	Phy000XQ5I_ACYPI	Phy007AOTP_MYZPE
OG0000185	SIPHA	Phy000XQ5I_ACYPI	Phy00DF16W_SIPHA
OG0000186	SIPHA	Phy00BX0EM_ACYPI	Phy00DF5OU_SIPHA
OG0000186	MYZPE	Phy00BX0EM_ACYPI	Phy007ATQ2_MYZPE
OG0000187	MYZPE	Phy0042EEO_ACYPI	Phy007AVAA_MYZPE
OG0000187	SIPHA	Phy0042EEO_ACYPI	Phy00DEXGO_SIPHA
OG0000188	MYZPE	Phy0010CBU_ACYPI	Phy007AVLV_MYZPE
OG0000188	SIPHA	Phy0010CBU_ACYPI	Phy00DESYY_SIPHA
OG0000189	MYZPE	Phy00BWVET_ACYPI	Phy007AV4Q_MYZPE
OG0000189	SIPHA	Phy00BWVET_ACYPI	Phy00DESUR_SIPHA
OG0000190	MYZPE	Phy00BX1OQ_ACYPI	Phy007ANHF_MYZPE, Phy007APJW_MYZPE
OG0000191	MYZPE	Phy0042A9T_ACYPI	Phy007ATLP_MYZPE
OG0000191	SIPHA	Phy0042A9T_ACYPI	Phy00DF018_SIPHA
OG0000192	MYZPE	Phy0010BUM_ACYPI	Phy007AP59_MYZPE
OG0000192	SIPHA	Phy0010BUM_ACYPI	Phy00DEUAK_SIPHA
OG0000193	SIPHA	Phy0010CHP_ACYPI	Phy00DF34V_SIPHA
OG0000193	MYZPE	Phy0010CHP_ACYPI	Phy007ANR6_MYZPE
OG0000194	MYZPE	Phy0042AT3_ACYPI	Phy007APPJ_MYZPE
OG0000194	SIPHA	Phy0042AT3_ACYPI	Phy00DEZPM_SIPHA
OG0000195	MYZPE	Phy0042669_ACYPI	Phy007AXQZ_MYZPE
OG0000195	SIPHA	Phy0042669_ACYPI	Phy00DEYZF_SIPHA
OG0000196	SIPHA	Phy00BX2O5_ACYPI	Phy00DEST5_SIPHA
OG0000196	MYZPE	Phy00BX2O5_ACYPI	Phy007AQUW_MYZPE
OG0000197	MYZPE	Phy00424P9_ACYPI	Phy007AV10_MYZPE
OG0000197	SIPHA	Phy00424P9_ACYPI	Phy00DF0UQ_SIPHA
OG0000198	MYZPE	Phy00BX1BT_ACYPI	Phy007AWKM_MYZPE
OG0000198	SIPHA	Phy00BX1BT_ACYPI	Phy00DF31V_SIPHA
OG0000199	MYZPE	Phy00429HQ_ACYPI	Phy007ASCW_MYZPE
OG0000199	SIPHA	Phy00429HQ_ACYPI	Phy00DF1DH_SIPHA
OG0000200	SIPHA	Phy0010GMJ_ACYPI	Phy00DEUUH_SIPHA
OG0000200	MYZPE	Phy0010GMJ_ACYPI	Phy007AY3M_MYZPE
OG0000201	MYZPE	Phy00BX4AK_ACYPI	Phy007ANX6_MYZPE
OG0000201	SIPHA	Phy00BX4AK_ACYPI	Phy00DF4JS_SIPHA
OG0000202	MYZPE	Phy00BWY36_ACYPI	Phy007ASQK_MYZPE
OG0000202	SIPHA	Phy00BWY36_ACYPI	Phy00DF17Y_SIPHA
OG0000203	MYZPE	Phy00BWVTQ_ACYPI	Phy007AVEL_MYZPE
OG0000203	SIPHA	Phy00BWVTQ_ACYPI	Phy00DF13B_SIPHA
OG0000204	SIPHA	Phy000YGV8_ACYPI	Phy00DF1HU_SIPHA
OG0000204	MYZPE	Phy000YGV8_ACYPI	Phy007ATQR_MYZPE
OG0000205	MYZPE	Phy00425SZ_ACYPI	Phy007AWDI_MYZPE
OG0000205	SIPHA	Phy00425SZ_ACYPI	Phy00DEYC0_SIPHA
OG0000206	SIPHA	Phy00422FO_ACYPI	Phy00DEU9L_SIPHA
OG0000206	MYZPE	Phy00422FO_ACYPI	Phy007AQ3S_MYZPE
OG0000207	MYZPE	Phy000XPU0_ACYPI	Phy007ARDW_MYZPE
OG0000207	SIPHA	Phy000XPU0_ACYPI	Phy00DEUG4_SIPHA
OG0000208	SIPHA	Phy00BWYME_ACYPI	Phy00DEYIZ_SIPHA
OG0000208	MYZPE	Phy00BWYME_ACYPI	Phy007AUQL_MYZPE
OG0000209	MYZPE	Phy00428QG_ACYPI	Phy007ATXH_MYZPE
OG0000209	SIPHA	Phy00428QG_ACYPI	Phy00DF5UO_SIPHA
OG0000210	SIPHA	Phy00BWX5C_ACYPI	Phy00DF2FX_SIPHA
OG0000210	MYZPE	Phy00BWX5C_ACYPI	Phy007AORD_MYZPE
OG0000211	MYZPE	Phy00BX4CI_ACYPI	Phy007ARN2_MYZPE
OG0000211	SIPHA	Phy00BX4CI_ACYPI	Phy00DEYVD_SIPHA
OG0000212	MYZPE	Phy0042041_ACYPI	Phy007AVVJ_MYZPE
OG0000212	SIPHA	Phy0042041_ACYPI	Phy00DEZ6C_SIPHA
OG0000213	SIPHA	Phy00BX0Q2_ACYPI	Phy00DESTO_SIPHA
OG0000213	MYZPE	Phy00BX0Q2_ACYPI	Phy007AUAN_MYZPE
OG0000214	SIPHA	Phy00BX1SH_ACYPI	Phy00DF0QP_SIPHA
OG0000214	MYZPE	Phy00BX1SH_ACYPI	Phy007ASPQ_MYZPE
OG0000215	MYZPE	Phy000XQ7J_ACYPI	Phy007AVL1_MYZPE
OG0000215	SIPHA	Phy000XQ7J_ACYPI	Phy00DF1KP_SIPHA
OG0000216	SIPHA	Phy0042F1R_ACYPI	Phy00DEWP6_SIPHA
OG0000216	MYZPE	Phy0042F1R_ACYPI	Phy007AY9S_MYZPE
OG0000217	SIPHA	Phy00BX1KU_ACYPI	Phy00DEWZG_SIPHA
OG0000217	MYZPE	Phy00BX1KU_ACYPI	Phy007AURM_MYZPE
OG0000218	MYZPE	Phy00BX00C_ACYPI	Phy007AMA4_MYZPE, Phy007ASDO_MYZPE
OG0000219	MYZPE	Phy00BX3KZ_ACYPI	Phy007AMFV_MYZPE, Phy007AVZX_MYZPE
OG0000220	MYZPE	Phy0010HW4_ACYPI	Phy007AN4V_MYZPE
OG0000220	SIPHA	Phy0010HW4_ACYPI	Phy00DEWSO_SIPHA
OG0000221	SIPHA	Phy00BX44N_ACYPI	Phy00DF5DG_SIPHA
OG0000221	MYZPE	Phy00BX44N_ACYPI	Phy007AV43_MYZPE
OG0000222	SIPHA	Phy0010D28_ACYPI	Phy00DEU3Q_SIPHA
OG0000222	MYZPE	Phy0010D28_ACYPI	Phy007AMEX_MYZPE
OG0000223	MYZPE	Phy00425RO_ACYPI	Phy007AXNM_MYZPE
OG0000223	SIPHA	Phy00425RO_ACYPI	Phy00DEW6N_SIPHA
OG0000224	SIPHA	Phy0010FZ7_ACYPI	Phy00DEXGZ_SIPHA
OG0000224	MYZPE	Phy0010FZ7_ACYPI	Phy007AW81_MYZPE
OG0000225	SIPHA	Phy004266C_ACYPI	Phy00DEV95_SIPHA
OG0000225	MYZPE	Phy004266C_ACYPI	Phy007ASEW_MYZPE
OG0000226	MYZPE	Phy0010BBO_ACYPI	Phy007AVYH_MYZPE, Phy007AZ7H_MYZPE
OG0000227	MYZPE	Phy00BWY4A_ACYPI	Phy007AVC6_MYZPE
OG0000227	SIPHA	Phy00BWY4A_ACYPI	Phy00DF0CT_SIPHA
OG0000228	MYZPE	Phy0010HP0_ACYPI	Phy007AN0I_MYZPE
OG0000228	SIPHA	Phy0010HP0_ACYPI	Phy00DEZB6_SIPHA
OG0000229	MYZPE	Phy0010D0T_ACYPI	Phy007AQI5_MYZPE
OG0000229	SIPHA	Phy0010D0T_ACYPI	Phy00DET8P_SIPHA
OG0000230	MYZPE	Phy00429QC_ACYPI	Phy007AU03_MYZPE
OG0000230	SIPHA	Phy00429QC_ACYPI	Phy00DF5JS_SIPHA
OG0000231	SIPHA	Phy0042AXQ_ACYPI	Phy00DEUDP_SIPHA
OG0000231	MYZPE	Phy0042AXQ_ACYPI	Phy007ASAK_MYZPE
OG0000232	SIPHA	Phy0010DYY_ACYPI	Phy00DF3LS_SIPHA
OG0000232	MYZPE	Phy0010DYY_ACYPI	Phy007AXWX_MYZPE
OG0000233	MYZPE	Phy00428ZO_ACYPI	Phy007AVLR_MYZPE
OG0000233	SIPHA	Phy00428ZO_ACYPI	Phy00DESXU_SIPHA
OG0000234	MYZPE	Phy004287A_ACYPI	Phy007AQRY_MYZPE
OG0000234	SIPHA	Phy004287A_ACYPI	Phy00DEWKS_SIPHA
OG0000235	MYZPE	Phy0010I13_ACYPI	Phy007AXK9_MYZPE
OG0000235	SIPHA	Phy0010I13_ACYPI	Phy00DEZ55_SIPHA
OG0000236	MYZPE	Phy0010GE3_ACYPI	Phy007AWUM_MYZPE
OG0000236	SIPHA	Phy0010GE3_ACYPI	Phy00DEZE1_SIPHA
OG0000237	MYZPE	Phy0010FJG_ACYPI	Phy007ASJ7_MYZPE
OG0000237	SIPHA	Phy0010FJG_ACYPI	Phy00DESKO_SIPHA
OG0000238	SIPHA	Phy00BWX4J_ACYPI	Phy00DF15K_SIPHA
OG0000238	MYZPE	Phy00BWX4J_ACYPI	Phy007ALW2_MYZPE
OG0000239	MYZPE	Phy00BX4Q2_ACYPI	Phy007ARRZ_MYZPE
OG0000239	SIPHA	Phy00BX4Q2_ACYPI	Phy00DEZSP_SIPHA
OG0000240	MYZPE	Phy0042CL5_ACYPI	Phy007AVZ5_MYZPE
OG0000240	SIPHA	Phy0042CL5_ACYPI	Phy00DEZG5_SIPHA
OG0000241	MYZPE	Phy0010F1E_ACYPI	Phy007AWKY_MYZPE
OG0000241	SIPHA	Phy0010F1E_ACYPI	Phy00DEZ7H_SIPHA
OG0000242	SIPHA	Phy0010HEZ_ACYPI	Phy00DEU7M_SIPHA
OG0000242	MYZPE	Phy0010HEZ_ACYPI	Phy007AWWK_MYZPE
OG0000243	SIPHA	Phy004298S_ACYPI	Phy00DEW2K_SIPHA
OG0000243	MYZPE	Phy004298S_ACYPI	Phy007ARAC_MYZPE
OG0000244	SIPHA	Phy0042AUL_ACYPI	Phy00DEUH7_SIPHA
OG0000244	MYZPE	Phy0042AUL_ACYPI	Phy007ARCO_MYZPE
OG0000245	MYZPE	Phy0010F2D_ACYPI	Phy007ASS3_MYZPE
OG0000245	SIPHA	Phy0010F2D_ACYPI	Phy00DEWI7_SIPHA
OG0000246	MYZPE	Phy0010GRA_ACYPI	Phy007AY3W_MYZPE
OG0000246	SIPHA	Phy0010GRA_ACYPI	Phy00DEUUA_SIPHA
OG0000247	MYZPE	Phy0010HSK_ACYPI	Phy007AY65_MYZPE
OG0000247	SIPHA	Phy0010HSK_ACYPI	Phy00DEU9W_SIPHA
OG0000248	MYZPE	Phy00420KR_ACYPI	Phy007AQI1_MYZPE
OG0000248	SIPHA	Phy00420KR_ACYPI	Phy00DEZNC_SIPHA
OG0000249	MYZPE	Phy00422AJ_ACYPI	Phy007ATV8_MYZPE
OG0000249	SIPHA	Phy00422AJ_ACYPI	Phy00DF3GR_SIPHA
OG0000250	MYZPE	Phy00425ES_ACYPI	Phy007AQG8_MYZPE
OG0000250	SIPHA	Phy00425ES_ACYPI	Phy00DEYG8_SIPHA
OG0000251	MYZPE	Phy00BWWCR_ACYPI	Phy007AMQ3_MYZPE, Phy007AQID_MYZPE
OG0000252	SIPHA	Phy00425TK_ACYPI	Phy00DF0Y6_SIPHA
OG0000252	MYZPE	Phy00425TK_ACYPI	Phy007ATKG_MYZPE
OG0000253	MYZPE	Phy0010H45_ACYPI	Phy007AVP5_MYZPE
OG0000253	SIPHA	Phy0010H45_ACYPI	Phy00DEV1O_SIPHA
OG0000254	SIPHA	Phy00BX2LR_ACYPI	Phy00DF36F_SIPHA
OG0000254	MYZPE	Phy00BX2LR_ACYPI	Phy007AOVX_MYZPE
OG0000255	MYZPE	Phy00BX273_ACYPI	Phy007ANUV_MYZPE
OG0000255	SIPHA	Phy00BX273_ACYPI	Phy00DF3HW_SIPHA
OG0000256	SIPHA	Phy00BWZW2_ACYPI	Phy00DF20W_SIPHA
OG0000256	MYZPE	Phy00BWZW2_ACYPI	Phy007ASNB_MYZPE
OG0000257	SIPHA	Phy00427VH_ACYPI	Phy00DEW0D_SIPHA
OG0000257	MYZPE	Phy00427VH_ACYPI	Phy007AXBU_MYZPE
OG0000258	MYZPE	Phy0010BM3_ACYPI	Phy007ATBO_MYZPE
OG0000258	SIPHA	Phy0010BM3_ACYPI	Phy00DF560_SIPHA
OG0000259	SIPHA	Phy0042EF4_ACYPI	Phy00DEXBL_SIPHA
OG0000259	MYZPE	Phy0042EF4_ACYPI	Phy007AVQB_MYZPE
OG0000260	SIPHA	Phy00BX1HE_ACYPI	Phy00DF1EO_SIPHA
OG0000260	MYZPE	Phy00BX1HE_ACYPI	Phy007ATFD_MYZPE
OG0000261	MYZPE	Phy00424TR_ACYPI	Phy007ATL8_MYZPE
OG0000261	SIPHA	Phy00424TR_ACYPI	Phy00DF4TS_SIPHA
OG0000262	MYZPE	Phy00BX1GM_ACYPI	Phy007ARSF_MYZPE
OG0000262	SIPHA	Phy00BX1GM_ACYPI	Phy00DF3VP_SIPHA
OG0000263	SIPHA	Phy0041ZZ3_ACYPI	Phy00DF4FL_SIPHA
OG0000263	MYZPE	Phy0041ZZ3_ACYPI	Phy007AMB9_MYZPE
OG0000264	SIPHA	Phy00BX2RS_ACYPI	Phy00DETU9_SIPHA
OG0000264	MYZPE	Phy00BX2RS_ACYPI	Phy007ATDQ_MYZPE
OG0000265	SIPHA	Phy0041ZVB_ACYPI	Phy00DEYHH_SIPHA
OG0000265	MYZPE	Phy0041ZVB_ACYPI	Phy007ATJP_MYZPE
OG0000266	MYZPE	Phy00BWX5Q_ACYPI	Phy007AVJM_MYZPE
OG0000266	SIPHA	Phy00BWX5Q_ACYPI	Phy00DEU7J_SIPHA
OG0000267	MYZPE	Phy00BX1KG_ACYPI	Phy007AN1F_MYZPE
OG0000267	SIPHA	Phy00BX1KG_ACYPI	Phy00DEU8Y_SIPHA
OG0000268	MYZPE	Phy0042DRC_ACYPI	Phy007AVO4_MYZPE
OG0000268	SIPHA	Phy0042DRC_ACYPI	Phy00DEXL1_SIPHA
OG0000269	MYZPE	Phy0010FL3_ACYPI	Phy007ASZQ_MYZPE
OG0000269	SIPHA	Phy0010FL3_ACYPI	Phy00DF0RA_SIPHA
OG0000270	SIPHA	Phy0042ENP_ACYPI	Phy00DF3YL_SIPHA
OG0000270	MYZPE	Phy0042ENP_ACYPI	Phy007AQMR_MYZPE
OG0000271	SIPHA	Phy00BWWX4_ACYPI	Phy00DEVFR_SIPHA
OG0000271	MYZPE	Phy00BWWX4_ACYPI	Phy007AVSM_MYZPE
OG0000272	SIPHA	Phy0010FWE_ACYPI	Phy00DEZ3A_SIPHA
OG0000272	MYZPE	Phy0010FWE_ACYPI	Phy007ASDT_MYZPE
OG0000273	MYZPE	Phy00BX24R_ACYPI	Phy007AQG0_MYZPE
OG0000273	SIPHA	Phy00BX24R_ACYPI	Phy00DF08X_SIPHA
OG0000274	MYZPE	Phy00BX15C_ACYPI	Phy007AVYX_MYZPE
OG0000274	SIPHA	Phy00BX15C_ACYPI	Phy00DF4UU_SIPHA
OG0000275	SIPHA	Phy0010C8I_ACYPI	Phy00DF07G_SIPHA
OG0000275	MYZPE	Phy0010C8I_ACYPI	Phy007AVEG_MYZPE
OG0000276	MYZPE	Phy0010CTO_ACYPI	Phy007AR6E_MYZPE
OG0000276	SIPHA	Phy0010CTO_ACYPI	Phy00DEZY3_SIPHA
OG0000277	MYZPE	Phy0010C6B_ACYPI	Phy007AT2R_MYZPE
OG0000277	SIPHA	Phy0010C6B_ACYPI	Phy00DF090_SIPHA
OG0000278	SIPHA	Phy0010G7G_ACYPI	Phy00DETBZ_SIPHA
OG0000278	MYZPE	Phy0010G7G_ACYPI	Phy007ATWG_MYZPE
OG0000279	MYZPE	Phy00428LP_ACYPI	Phy007AYKW_MYZPE
OG0000279	SIPHA	Phy00428LP_ACYPI	Phy00DF1QQ_SIPHA
OG0000280	MYZPE	Phy0010HY2_ACYPI	Phy007APUI_MYZPE, Phy007AQPV_MYZPE
OG0000281	MYZPE	Phy000XPTK_ACYPI	Phy007AO97_MYZPE
OG0000281	SIPHA	Phy000XPTK_ACYPI	Phy00DEV9R_SIPHA
OG0000282	SIPHA	Phy0010E72_ACYPI	Phy00DEW6H_SIPHA
OG0000282	MYZPE	Phy0010E72_ACYPI	Phy007ARKI_MYZPE
OG0000283	MYZPE	Phy00BX0ZW_ACYPI	Phy007AWID_MYZPE
OG0000283	SIPHA	Phy00BX0ZW_ACYPI	Phy00DEWLW_SIPHA
OG0000284	SIPHA	Phy0042BWI_ACYPI	Phy00DEY78_SIPHA
OG0000284	MYZPE	Phy0042BWI_ACYPI	Phy007AMQH_MYZPE
OG0000285	SIPHA	Phy0042AG6_ACYPI	Phy00DF407_SIPHA
OG0000285	MYZPE	Phy0042AG6_ACYPI	Phy007AWLF_MYZPE
OG0000286	MYZPE	Phy00420LL_ACYPI	Phy007AYR0_MYZPE
OG0000286	SIPHA	Phy00420LL_ACYPI	Phy00DF4OS_SIPHA
OG0000287	SIPHA	Phy0010GVV_ACYPI	Phy00DF3FE_SIPHA
OG0000287	MYZPE	Phy0010GVV_ACYPI	Phy007ANV5_MYZPE
OG0000288	SIPHA	Phy00BX15Y_ACYPI	Phy00DF0LU_SIPHA
OG0000288	MYZPE	Phy00BX15Y_ACYPI	Phy007AN5H_MYZPE
OG0000289	MYZPE	Phy0010EAE_ACYPI	Phy007AW1N_MYZPE
OG0000289	SIPHA	Phy0010EAE_ACYPI	Phy00DEZN9_SIPHA
OG0000290	MYZPE	Phy004234A_ACYPI	Phy007ANCH_MYZPE
OG0000290	SIPHA	Phy004234A_ACYPI	Phy00DF038_SIPHA
OG0000291	MYZPE	Phy0042C5B_ACYPI	Phy007AUJO_MYZPE
OG0000291	SIPHA	Phy0042C5B_ACYPI	Phy00DF29J_SIPHA
