Orthogroup	Species	SIPHA	Orthologs
OG0000000	MYZPE	Phy00DEY36_SIPHA	Phy007ANWB_MYZPE, Phy007AQ1S_MYZPE, Phy007AZVI_MYZPE, Phy007APX7_MYZPE, Phy007AXYQ_MYZPE, Phy007ANJV_MYZPE, Phy007ANNR_MYZPE, Phy007AZK2_MYZPE, Phy007AO77_MYZPE, Phy007APVO_MYZPE, Phy007ATEY_MYZPE, Phy007AT0P_MYZPE, Phy007ARQ5_MYZPE, Phy007AQLN_MYZPE, Phy007AYEX_MYZPE, Phy007AX6C_MYZPE, Phy007ATY3_MYZPE
OG0000000	ACYPI	Phy00DEY36_SIPHA	Phy00BWYU1_ACYPI, Phy000YERN_ACYPI, Phy007B5SL_ACYPI, Phy0010904_ACYPI, Phy00BWZPL_ACYPI, Phy00BX0EP_ACYPI, Phy00BX2GR_ACYPI, Phy00BX0YT_ACYPI, Phy00BWZ7U_ACYPI, Phy00BX36V_ACYPI
OG0000001	MYZPE	Phy00DEZ43_SIPHA	Phy007APXD_MYZPE, Phy007APYC_MYZPE, Phy007AZ18_MYZPE, Phy007AN2X_MYZPE, Phy007AOUB_MYZPE, Phy007AN0O_MYZPE, Phy007APY3_MYZPE, Phy007ALWY_MYZPE, Phy007AQS1_MYZPE, Phy007AMPM_MYZPE, Phy007AONY_MYZPE, Phy007AYSI_MYZPE, Phy007AZ12_MYZPE, Phy007ANVY_MYZPE
OG0000001	ACYPI	Phy00DEZ43_SIPHA	Phy00BWYUS_ACYPI, Phy00BWWAG_ACYPI, Phy00BX47C_ACYPI
OG0000003	ACYPI	Phy00DF5NL_SIPHA	Phy00BWXV7_ACYPI, Phy00BWXF6_ACYPI, Phy0041ZJG_ACYPI
OG0000003	MYZPE	Phy00DF5NL_SIPHA	Phy007AM34_MYZPE, Phy007AQP1_MYZPE, Phy007AONN_MYZPE, Phy007AUCF_MYZPE, Phy007APAZ_MYZPE, Phy007AO6Y_MYZPE, Phy007ANP1_MYZPE
OG0000004	ACYPI	Phy00DF4A7_SIPHA, Phy00DEWA6_SIPHA, Phy00DESUE_SIPHA, Phy00DET0Q_SIPHA, Phy00DEYGR_SIPHA, Phy00DEYUT_SIPHA	Phy00BX4EA_ACYPI, Phy00BX2WJ_ACYPI, Phy00BWVH3_ACYPI
OG0000004	MYZPE	Phy00DF4A7_SIPHA, Phy00DEWA6_SIPHA, Phy00DESUE_SIPHA, Phy00DET0Q_SIPHA, Phy00DEYGR_SIPHA, Phy00DEYUT_SIPHA	Phy007AS8G_MYZPE, Phy007AS8X_MYZPE
OG0000005	ACYPI	Phy00DEZGR_SIPHA	Phy007B41V_ACYPI, Phy00BWXR7_ACYPI, Phy00BX0GK_ACYPI, Phy00BX0ZP_ACYPI
OG0000005	MYZPE	Phy00DEZGR_SIPHA	Phy007AZRU_MYZPE, Phy007AMG2_MYZPE, Phy007AY06_MYZPE, Phy007AOGX_MYZPE
OG0000006	ACYPI	Phy00DF5E5_SIPHA	Phy000XQ1P_ACYPI, Phy00BWVFM_ACYPI
OG0000006	MYZPE	Phy00DF5E5_SIPHA	Phy007AZJ2_MYZPE, Phy007AXCW_MYZPE, Phy007ANEM_MYZPE, Phy007AQ9I_MYZPE, Phy007ANB5_MYZPE
OG0000007	ACYPI	Phy00DF1YQ_SIPHA, Phy00DEWBG_SIPHA	Phy00BWZTY_ACYPI, Phy00BWW63_ACYPI
OG0000007	MYZPE	Phy00DF1YQ_SIPHA, Phy00DEWBG_SIPHA	Phy007AQEA_MYZPE, Phy007AP6B_MYZPE, Phy007AMN4_MYZPE, Phy007AO55_MYZPE
OG0000008	MYZPE	Phy00DETQH_SIPHA, Phy00DESZ8_SIPHA	Phy007AWRQ_MYZPE, Phy007AMST_MYZPE
OG0000008	ACYPI	Phy00DETQH_SIPHA, Phy00DESZ8_SIPHA	Phy00BWWY7_ACYPI, Phy00BX4O6_ACYPI, Phy00BWWXJ_ACYPI
OG0000009	ACYPI	Phy00DF24V_SIPHA	Phy00BWVXA_ACYPI, Phy00BWWRC_ACYPI
OG0000009	MYZPE	Phy00DF24V_SIPHA	Phy007AZ36_MYZPE, Phy007ARQN_MYZPE, Phy007AY57_MYZPE
OG0000010	MYZPE	Phy00DESNJ_SIPHA	Phy007AWWE_MYZPE
OG0000010	ACYPI	Phy00DESNJ_SIPHA	Phy0042EDV_ACYPI, Phy0042AQW_ACYPI, Phy0010BYG_ACYPI, Phy00BX2H1_ACYPI
OG0000011	MYZPE	Phy00DF4E9_SIPHA	Phy007AZIM_MYZPE, Phy007AVBU_MYZPE, Phy007AUHG_MYZPE
OG0000011	ACYPI	Phy00DF4E9_SIPHA	Phy0010FJY_ACYPI, Phy0010H4C_ACYPI
OG0000012	ACYPI	Phy00DF0KK_SIPHA, Phy00DF0NU_SIPHA, Phy00DF0KM_SIPHA, Phy00DF0KI_SIPHA	Phy00BX41V_ACYPI
OG0000012	MYZPE	Phy00DF0KK_SIPHA, Phy00DF0NU_SIPHA, Phy00DF0KM_SIPHA, Phy00DF0KI_SIPHA	Phy007AYU2_MYZPE
OG0000013	ACYPI	Phy00DEUC9_SIPHA, Phy00DEUBU_SIPHA, Phy00DEUCC_SIPHA, Phy00DEUBD_SIPHA	Phy00107VZ_ACYPI
OG0000013	MYZPE	Phy00DEUC9_SIPHA, Phy00DEUBU_SIPHA, Phy00DEUCC_SIPHA, Phy00DEUBD_SIPHA	Phy007AP5E_MYZPE
OG0000015	MYZPE	Phy00DEUUY_SIPHA	Phy007AN98_MYZPE, Phy007AM3S_MYZPE
OG0000015	ACYPI	Phy00DEUUY_SIPHA	Phy00BX0K4_ACYPI, Phy00BWZ6L_ACYPI
OG0000016	ACYPI	Phy00DESPW_SIPHA, Phy00DEWTY_SIPHA, Phy00DEXCF_SIPHA	Phy0010FAG_ACYPI
OG0000016	MYZPE	Phy00DESPW_SIPHA, Phy00DEWTY_SIPHA, Phy00DEXCF_SIPHA	Phy007AYVO_MYZPE
OG0000017	ACYPI	Phy00DF2C9_SIPHA, Phy00DF2CC_SIPHA, Phy00DF2CF_SIPHA	Phy00BX1R4_ACYPI
OG0000017	MYZPE	Phy00DF2C9_SIPHA, Phy00DF2CC_SIPHA, Phy00DF2CF_SIPHA	Phy007AV3L_MYZPE
OG0000018	ACYPI	Phy00DEZAC_SIPHA, Phy00DESHO_SIPHA	Phy00429PL_ACYPI, Phy00BX3MD_ACYPI, Phy00BX2MU_ACYPI
OG0000020	ACYPI	Phy00DESRV_SIPHA, Phy00DF03Q_SIPHA, Phy00DF5OB_SIPHA	Phy000YMMJ_ACYPI
OG0000020	MYZPE	Phy00DESRV_SIPHA, Phy00DF03Q_SIPHA, Phy00DF5OB_SIPHA	Phy007AR1R_MYZPE
OG0000021	ACYPI	Phy00DEZVR_SIPHA	Phy00424H0_ACYPI
OG0000021	MYZPE	Phy00DEZVR_SIPHA	Phy007AYRM_MYZPE, Phy007AZOB_MYZPE, Phy007AYJM_MYZPE
OG0000022	MYZPE	Phy00DF1D6_SIPHA	Phy007ATFF_MYZPE, Phy007AV73_MYZPE
OG0000022	ACYPI	Phy00DF1D6_SIPHA	Phy0042233_ACYPI, Phy00BWVQD_ACYPI
OG0000023	ACYPI	Phy00DETVS_SIPHA, Phy00DEYWF_SIPHA	Phy00BX2JS_ACYPI
OG0000023	MYZPE	Phy00DETVS_SIPHA, Phy00DEYWF_SIPHA	Phy007AXT4_MYZPE
OG0000024	ACYPI	Phy00DETWO_SIPHA	Phy00421MQ_ACYPI
OG0000024	MYZPE	Phy00DETWO_SIPHA	Phy007AWM2_MYZPE, Phy007AN9F_MYZPE
OG0000025	MYZPE	Phy00DF362_SIPHA, Phy00DF1XS_SIPHA	Phy007AO71_MYZPE
OG0000025	ACYPI	Phy00DF362_SIPHA, Phy00DF1XS_SIPHA	Phy004291Q_ACYPI
OG0000026	ACYPI	Phy00DEX1J_SIPHA	Phy007B3L7_ACYPI
OG0000026	MYZPE	Phy00DEX1J_SIPHA	Phy007AVCL_MYZPE, Phy007AO29_MYZPE
OG0000027	ACYPI	Phy00DF4HV_SIPHA	Phy0010DA1_ACYPI
OG0000027	MYZPE	Phy00DF4HV_SIPHA	Phy007AR3X_MYZPE, Phy007AT8M_MYZPE
OG0000028	ACYPI	Phy00DEWDE_SIPHA, Phy00DF3EK_SIPHA	Phy0010HOS_ACYPI
OG0000028	MYZPE	Phy00DEWDE_SIPHA, Phy00DF3EK_SIPHA	Phy007AZAN_MYZPE
OG0000029	ACYPI	Phy00DF03W_SIPHA	Phy00BWXTO_ACYPI
OG0000029	MYZPE	Phy00DF03W_SIPHA	Phy007AWNL_MYZPE, Phy007AWYF_MYZPE
OG0000030	MYZPE	Phy00DF5Z6_SIPHA	Phy007AYFN_MYZPE
OG0000030	ACYPI	Phy00DF5Z6_SIPHA	Phy000XQ3T_ACYPI, Phy00421EH_ACYPI
OG0000031	ACYPI	Phy00DF2AK_SIPHA	Phy0010E6E_ACYPI
OG0000031	MYZPE	Phy00DF2AK_SIPHA	Phy007AQSF_MYZPE, Phy007AS04_MYZPE
OG0000032	ACYPI	Phy00DF1EY_SIPHA, Phy00DEZ7G_SIPHA	Phy00BWX26_ACYPI
OG0000032	MYZPE	Phy00DF1EY_SIPHA, Phy00DEZ7G_SIPHA	Phy007AVA2_MYZPE
OG0000033	MYZPE	Phy00DF3XC_SIPHA	Phy007ASVN_MYZPE
OG0000033	ACYPI	Phy00DF3XC_SIPHA	Phy0010GP8_ACYPI, Phy00BWYA7_ACYPI
OG0000034	ACYPI	Phy00DF4UK_SIPHA	Phy000XPRZ_ACYPI
OG0000034	MYZPE	Phy00DF4UK_SIPHA	Phy007ATIK_MYZPE, Phy007ARNB_MYZPE
OG0000035	ACYPI	Phy00DEVHC_SIPHA, Phy00DEZM1_SIPHA	Phy0010I74_ACYPI
OG0000035	MYZPE	Phy00DEVHC_SIPHA, Phy00DEZM1_SIPHA	Phy007AUI1_MYZPE
OG0000036	ACYPI	Phy00DF4BA_SIPHA	Phy00BWXUW_ACYPI
OG0000036	MYZPE	Phy00DF4BA_SIPHA	Phy007ANU1_MYZPE, Phy007AOYK_MYZPE
OG0000037	MYZPE	Phy00DEYQ9_SIPHA	Phy007AM2D_MYZPE
OG0000037	ACYPI	Phy00DEYQ9_SIPHA	Phy000XPLI_ACYPI, Phy00420LP_ACYPI
OG0000038	MYZPE	Phy00DEZUD_SIPHA	Phy007ANAB_MYZPE
OG0000038	ACYPI	Phy00DEZUD_SIPHA	Phy00BX0U5_ACYPI, Phy00BX2LA_ACYPI
OG0000039	ACYPI	Phy00DEUZC_SIPHA, Phy00DEZDV_SIPHA	Phy00BX4OU_ACYPI
OG0000039	MYZPE	Phy00DEUZC_SIPHA, Phy00DEZDV_SIPHA	Phy007AW1W_MYZPE
OG0000040	MYZPE	Phy00DEUUV_SIPHA	Phy007AM3U_MYZPE
OG0000040	ACYPI	Phy00DEUUV_SIPHA	Phy00BX2A1_ACYPI, Phy0042B0D_ACYPI
OG0000041	ACYPI	Phy00DF4ZP_SIPHA, Phy00DF0WT_SIPHA	Phy0042DTH_ACYPI
OG0000041	MYZPE	Phy00DF4ZP_SIPHA, Phy00DF0WT_SIPHA	Phy007AV5H_MYZPE
OG0000042	MYZPE	Phy00DF2GH_SIPHA	Phy007AV0S_MYZPE
OG0000042	ACYPI	Phy00DF2GH_SIPHA	Phy0010HT6_ACYPI, Phy00BX2IV_ACYPI
OG0000043	MYZPE	Phy00DEVB9_SIPHA	Phy007AT9I_MYZPE
OG0000043	ACYPI	Phy00DEVB9_SIPHA	Phy004255U_ACYPI, Phy0010HXC_ACYPI
OG0000044	ACYPI	Phy00DEYZL_SIPHA	Phy0042CQV_ACYPI
OG0000044	MYZPE	Phy00DEYZL_SIPHA	Phy007AXR8_MYZPE, Phy007AUC8_MYZPE
OG0000045	ACYPI	Phy00DEW6S_SIPHA	Phy00108PD_ACYPI
OG0000045	MYZPE	Phy00DEW6S_SIPHA	Phy007AYJ1_MYZPE, Phy007AVPH_MYZPE
OG0000046	ACYPI	Phy00DEUUS_SIPHA	Phy00422JE_ACYPI
OG0000046	MYZPE	Phy00DEUUS_SIPHA	Phy007AQTW_MYZPE, Phy007APEN_MYZPE
OG0000047	ACYPI	Phy00DF50P_SIPHA	Phy0010CMB_ACYPI
OG0000047	MYZPE	Phy00DF50P_SIPHA	Phy007AYRT_MYZPE, Phy007AU7L_MYZPE
OG0000048	ACYPI	Phy00DEV8L_SIPHA, Phy00DF2XL_SIPHA	Phy0010HB6_ACYPI
OG0000048	MYZPE	Phy00DEV8L_SIPHA, Phy00DF2XL_SIPHA	Phy007AW92_MYZPE
OG0000049	ACYPI	Phy00DEW6B_SIPHA	Phy0042AP2_ACYPI
OG0000049	MYZPE	Phy00DEW6B_SIPHA	Phy007AVPE_MYZPE, Phy007ASIO_MYZPE
OG0000050	ACYPI	Phy00DF5BG_SIPHA	Phy0010E2A_ACYPI
OG0000050	MYZPE	Phy00DF5BG_SIPHA	Phy007AV1W_MYZPE, Phy007AOWM_MYZPE
OG0000051	ACYPI	Phy00DF4Q9_SIPHA, Phy00DF4DC_SIPHA	Phy00420A6_ACYPI
OG0000051	MYZPE	Phy00DF4Q9_SIPHA, Phy00DF4DC_SIPHA	Phy007AQBQ_MYZPE
OG0000052	ACYPI	Phy00DEZZ6_SIPHA	Phy0041ZIK_ACYPI
OG0000052	MYZPE	Phy00DEZZ6_SIPHA	Phy007AO3L_MYZPE, Phy007AQ7P_MYZPE
OG0000053	ACYPI	Phy00DEY74_SIPHA	Phy00BWXF3_ACYPI
OG0000053	MYZPE	Phy00DEY74_SIPHA	Phy007ASOK_MYZPE
OG0000054	ACYPI	Phy00DEZMZ_SIPHA	Phy00BX4MH_ACYPI
OG0000054	MYZPE	Phy00DEZMZ_SIPHA	Phy007AMF2_MYZPE
OG0000055	MYZPE	Phy00DETPW_SIPHA	Phy007AVIO_MYZPE
OG0000055	ACYPI	Phy00DETPW_SIPHA	Phy00BX0HM_ACYPI
OG0000056	ACYPI	Phy00DF0HW_SIPHA	Phy00BWWNC_ACYPI
OG0000056	MYZPE	Phy00DF0HW_SIPHA	Phy007AQXA_MYZPE
OG0000057	MYZPE	Phy00DF0JM_SIPHA	Phy007AQXD_MYZPE
OG0000057	ACYPI	Phy00DF0JM_SIPHA	Phy00BX1RB_ACYPI
OG0000058	MYZPE	Phy00DF06Z_SIPHA	Phy007AX66_MYZPE
OG0000058	ACYPI	Phy00DF06Z_SIPHA	Phy004285C_ACYPI
OG0000059	MYZPE	Phy00DF06X_SIPHA	Phy007AX6A_MYZPE
OG0000059	ACYPI	Phy00DF06X_SIPHA	Phy00BX105_ACYPI
OG0000060	ACYPI	Phy00DF632_SIPHA	Phy0010FR9_ACYPI
OG0000060	MYZPE	Phy00DF632_SIPHA	Phy007AXQD_MYZPE
OG0000061	MYZPE	Phy00DEZTS_SIPHA	Phy007AS7X_MYZPE
OG0000061	ACYPI	Phy00DEZTS_SIPHA	Phy0010HBK_ACYPI
OG0000062	ACYPI	Phy00DEZEU_SIPHA	Phy0010FV0_ACYPI
OG0000062	MYZPE	Phy00DEZEU_SIPHA	Phy007AWBD_MYZPE
OG0000063	ACYPI	Phy00DF1DQ_SIPHA	Phy0042D1M_ACYPI
OG0000063	MYZPE	Phy00DF1DQ_SIPHA	Phy007AVVM_MYZPE
OG0000064	ACYPI	Phy00DF1V7_SIPHA	Phy0010HSC_ACYPI
OG0000064	MYZPE	Phy00DF1V7_SIPHA	Phy007ATAH_MYZPE
OG0000065	ACYPI	Phy00DETB5_SIPHA	Phy0010EOY_ACYPI
OG0000065	MYZPE	Phy00DETB5_SIPHA	Phy007AR10_MYZPE
OG0000066	ACYPI	Phy00DEXUE_SIPHA	Phy0042EP2_ACYPI
OG0000066	MYZPE	Phy00DEXUE_SIPHA	Phy007AVQR_MYZPE
OG0000067	ACYPI	Phy00DEYN8_SIPHA	Phy0010ENY_ACYPI
OG0000067	MYZPE	Phy00DEYN8_SIPHA	Phy007AW6C_MYZPE
OG0000068	ACYPI	Phy00DEYB1_SIPHA	Phy0010CUX_ACYPI
OG0000068	MYZPE	Phy00DEYB1_SIPHA	Phy007AWDM_MYZPE
OG0000069	MYZPE	Phy00DEUHN_SIPHA	Phy007AWP1_MYZPE
OG0000069	ACYPI	Phy00DEUHN_SIPHA	Phy0010FOJ_ACYPI
OG0000070	MYZPE	Phy00DEZDA_SIPHA	Phy007AWBG_MYZPE
OG0000070	ACYPI	Phy00DEZDA_SIPHA	Phy004232E_ACYPI
OG0000071	MYZPE	Phy00DET5N_SIPHA	Phy007APJP_MYZPE
OG0000071	ACYPI	Phy00DET5N_SIPHA	Phy0010D5A_ACYPI
OG0000072	ACYPI	Phy00DEYJC_SIPHA	Phy0010C98_ACYPI
OG0000072	MYZPE	Phy00DEYJC_SIPHA	Phy007ATD3_MYZPE
OG0000073	ACYPI	Phy00DEZ95_SIPHA	Phy00BX4QX_ACYPI
OG0000073	MYZPE	Phy00DEZ95_SIPHA	Phy007AUHV_MYZPE
OG0000074	ACYPI	Phy00DESKD_SIPHA	Phy0041ZGL_ACYPI
OG0000074	MYZPE	Phy00DESKD_SIPHA	Phy007AQU7_MYZPE
OG0000075	MYZPE	Phy00DEW9T_SIPHA	Phy007APZK_MYZPE
OG0000075	ACYPI	Phy00DEW9T_SIPHA	Phy0042282_ACYPI
OG0000076	ACYPI	Phy00DF0EV_SIPHA	Phy0010DI1_ACYPI
OG0000076	MYZPE	Phy00DF0EV_SIPHA	Phy007AZNR_MYZPE
OG0000077	ACYPI	Phy00DF0DW_SIPHA	Phy00BX0C2_ACYPI
OG0000077	MYZPE	Phy00DF0DW_SIPHA	Phy007AZNK_MYZPE
OG0000078	ACYPI	Phy00DEUK5_SIPHA	Phy00BX239_ACYPI
OG0000078	MYZPE	Phy00DEUK5_SIPHA	Phy007AWOG_MYZPE
OG0000079	MYZPE	Phy00DF2M6_SIPHA	Phy007AWVN_MYZPE
OG0000079	ACYPI	Phy00DF2M6_SIPHA	Phy00107GX_ACYPI
OG0000080	MYZPE	Phy00DEYPO_SIPHA	Phy007AM2C_MYZPE
OG0000080	ACYPI	Phy00DEYPO_SIPHA	Phy004281W_ACYPI
OG0000081	MYZPE	Phy00DEXCW_SIPHA	Phy007ANJZ_MYZPE
OG0000081	ACYPI	Phy00DEXCW_SIPHA	Phy0010HTN_ACYPI
OG0000083	MYZPE	Phy00DF0EF_SIPHA	Phy007AZO7_MYZPE
OG0000083	ACYPI	Phy00DF0EF_SIPHA	Phy0042405_ACYPI
OG0000084	ACYPI	Phy00DF1YD_SIPHA	Phy004258G_ACYPI
OG0000084	MYZPE	Phy00DF1YD_SIPHA	Phy007AX2S_MYZPE
OG0000085	ACYPI	Phy00DESFS_SIPHA	Phy0042268_ACYPI
OG0000085	MYZPE	Phy00DESFS_SIPHA	Phy007AOQ7_MYZPE
OG0000086	ACYPI	Phy00DEY7H_SIPHA	Phy0010BDV_ACYPI
OG0000086	MYZPE	Phy00DEY7H_SIPHA	Phy007AWDL_MYZPE
OG0000087	ACYPI	Phy00DEWR4_SIPHA	Phy00424CQ_ACYPI
OG0000087	MYZPE	Phy00DEWR4_SIPHA	Phy007ANOP_MYZPE
OG0000088	ACYPI	Phy00DF4VN_SIPHA	Phy000XPZO_ACYPI
OG0000088	MYZPE	Phy00DF4VN_SIPHA	Phy007AOJ9_MYZPE
OG0000089	MYZPE	Phy00DEV83_SIPHA	Phy007AN85_MYZPE
OG0000089	ACYPI	Phy00DEV83_SIPHA	Phy0010EKE_ACYPI
OG0000090	MYZPE	Phy00DET01_SIPHA	Phy007AYCZ_MYZPE
OG0000090	ACYPI	Phy00DET01_SIPHA	Phy00BX52E_ACYPI
OG0000091	ACYPI	Phy00DEW00_SIPHA	Phy00420G8_ACYPI
OG0000091	MYZPE	Phy00DEW00_SIPHA	Phy007AQD4_MYZPE
OG0000092	ACYPI	Phy00DEWXO_SIPHA	Phy00427WM_ACYPI
OG0000092	MYZPE	Phy00DEWXO_SIPHA	Phy007AWCH_MYZPE
OG0000093	ACYPI	Phy00DEV3H_SIPHA	Phy00BX55U_ACYPI
OG0000093	MYZPE	Phy00DEV3H_SIPHA	Phy007AZ9J_MYZPE
OG0000094	ACYPI	Phy00DF4CQ_SIPHA	Phy000YFCC_ACYPI
OG0000094	MYZPE	Phy00DF4CQ_SIPHA	Phy007AS56_MYZPE
OG0000095	MYZPE	Phy00DF4CA_SIPHA	Phy007AUW2_MYZPE
OG0000095	ACYPI	Phy00DF4CA_SIPHA	Phy0042DPF_ACYPI
OG0000096	MYZPE	Phy00DEYGN_SIPHA	Phy007AS5O_MYZPE
OG0000096	ACYPI	Phy00DEYGN_SIPHA	Phy00427AU_ACYPI
OG0000097	MYZPE	Phy00DEZSH_SIPHA	Phy007AXG7_MYZPE
OG0000097	ACYPI	Phy00DEZSH_SIPHA	Phy0010F0V_ACYPI
OG0000098	MYZPE	Phy00DEYBX_SIPHA	Phy007AV29_MYZPE
OG0000098	ACYPI	Phy00DEYBX_SIPHA	Phy0042CJT_ACYPI
OG0000099	MYZPE	Phy00DEWPO_SIPHA	Phy007AY4X_MYZPE
OG0000099	ACYPI	Phy00DEWPO_SIPHA	Phy000YIAO_ACYPI
OG0000100	ACYPI	Phy00DEXBX_SIPHA	Phy004258E_ACYPI
OG0000100	MYZPE	Phy00DEXBX_SIPHA	Phy007ATXS_MYZPE
OG0000101	MYZPE	Phy00DETT3_SIPHA	Phy007AS3A_MYZPE
OG0000101	ACYPI	Phy00DETT3_SIPHA	Phy0010HRQ_ACYPI
OG0000102	ACYPI	Phy00DF30A_SIPHA	Phy004291W_ACYPI
OG0000102	MYZPE	Phy00DF30A_SIPHA	Phy007AZGC_MYZPE
OG0000103	ACYPI	Phy00DF1G4_SIPHA	Phy00BWWQZ_ACYPI
OG0000103	MYZPE	Phy00DF1G4_SIPHA	Phy007AXIQ_MYZPE
OG0000104	MYZPE	Phy00DF39N_SIPHA	Phy007AT9F_MYZPE
OG0000104	ACYPI	Phy00DF39N_SIPHA	Phy00BX4C5_ACYPI
OG0000105	MYZPE	Phy00DETEO_SIPHA	Phy007AU5X_MYZPE
OG0000105	ACYPI	Phy00DETEO_SIPHA	Phy00424VV_ACYPI
OG0000106	ACYPI	Phy00DEUD2_SIPHA	Phy00422Q3_ACYPI
OG0000106	MYZPE	Phy00DEUD2_SIPHA	Phy007AVDW_MYZPE
OG0000107	MYZPE	Phy00DF0QK_SIPHA	Phy007AZ22_MYZPE
OG0000107	ACYPI	Phy00DF0QK_SIPHA	Phy00BWYNY_ACYPI
OG0000109	ACYPI	Phy00DF4RX_SIPHA	Phy0010GL4_ACYPI
OG0000109	MYZPE	Phy00DF4RX_SIPHA	Phy007AQO3_MYZPE
OG0000110	ACYPI	Phy00DF2TS_SIPHA	Phy0042CIF_ACYPI
OG0000110	MYZPE	Phy00DF2TS_SIPHA	Phy007AZP1_MYZPE
OG0000111	MYZPE	Phy00DEXS0_SIPHA	Phy007AZSO_MYZPE
OG0000111	ACYPI	Phy00DEXS0_SIPHA	Phy00BWY7G_ACYPI
OG0000112	MYZPE	Phy00DESLW_SIPHA	Phy007AT1B_MYZPE
OG0000112	ACYPI	Phy00DESLW_SIPHA	Phy0042CN4_ACYPI
OG0000113	MYZPE	Phy00DET9L_SIPHA	Phy007AQI7_MYZPE
OG0000113	ACYPI	Phy00DET9L_SIPHA	Phy0010HXB_ACYPI
OG0000114	ACYPI	Phy00DEWLX_SIPHA	Phy00BWZWL_ACYPI
OG0000114	MYZPE	Phy00DEWLX_SIPHA	Phy007AQQO_MYZPE
OG0000115	ACYPI	Phy00DF5OH_SIPHA	Phy0042681_ACYPI
OG0000115	MYZPE	Phy00DF5OH_SIPHA	Phy007AR2W_MYZPE
OG0000117	MYZPE	Phy00DF0IX_SIPHA	Phy007AZO1_MYZPE
OG0000117	ACYPI	Phy00DF0IX_SIPHA	Phy00BX28T_ACYPI
OG0000118	ACYPI	Phy00DF64F_SIPHA	Phy0041ZYC_ACYPI
OG0000118	MYZPE	Phy00DF64F_SIPHA	Phy007ANHD_MYZPE
OG0000119	MYZPE	Phy00DF0P2_SIPHA	Phy007AOCF_MYZPE
OG0000119	ACYPI	Phy00DF0P2_SIPHA	Phy00BWZ4Q_ACYPI
OG0000120	ACYPI	Phy00DEX0L_SIPHA	Phy00BX0LY_ACYPI
OG0000120	MYZPE	Phy00DEX0L_SIPHA	Phy007ANLI_MYZPE
OG0000121	ACYPI	Phy00DEXA7_SIPHA	Phy00427OA_ACYPI
OG0000121	MYZPE	Phy00DEXA7_SIPHA	Phy007AW00_MYZPE
OG0000122	MYZPE	Phy00DEVJZ_SIPHA	Phy007AN5M_MYZPE
OG0000122	ACYPI	Phy00DEVJZ_SIPHA	Phy0010G3E_ACYPI
OG0000123	ACYPI	Phy00DF3P2_SIPHA	Phy000XPX4_ACYPI
OG0000123	MYZPE	Phy00DF3P2_SIPHA	Phy007AM88_MYZPE
OG0000124	MYZPE	Phy00DEYDN_SIPHA	Phy007ANT4_MYZPE
OG0000124	ACYPI	Phy00DEYDN_SIPHA	Phy00423B8_ACYPI
OG0000125	MYZPE	Phy00DF4QL_SIPHA	Phy007ATNK_MYZPE
OG0000125	ACYPI	Phy00DF4QL_SIPHA	Phy0042C8J_ACYPI
OG0000126	MYZPE	Phy00DF3AO_SIPHA	Phy007AS45_MYZPE
OG0000126	ACYPI	Phy00DF3AO_SIPHA	Phy0010GWU_ACYPI
OG0000127	ACYPI	Phy00DEY5D_SIPHA	Phy0042AKQ_ACYPI
OG0000127	MYZPE	Phy00DEY5D_SIPHA	Phy007AWGN_MYZPE
OG0000128	MYZPE	Phy00DF0M8_SIPHA	Phy007AS7N_MYZPE
OG0000128	ACYPI	Phy00DF0M8_SIPHA	Phy00425AE_ACYPI
OG0000129	MYZPE	Phy00DF0BL_SIPHA	Phy007AYZS_MYZPE
OG0000129	ACYPI	Phy00DF0BL_SIPHA	Phy000YOFB_ACYPI
OG0000130	MYZPE	Phy00DF5K1_SIPHA	Phy007APFX_MYZPE
OG0000130	ACYPI	Phy00DF5K1_SIPHA	Phy00BX1RD_ACYPI
OG0000131	ACYPI	Phy00DF3DQ_SIPHA	Phy0010ES6_ACYPI
OG0000131	MYZPE	Phy00DF3DQ_SIPHA	Phy007AUEV_MYZPE
OG0000132	ACYPI	Phy00DF4AX_SIPHA	Phy00BWXBP_ACYPI
OG0000132	MYZPE	Phy00DF4AX_SIPHA	Phy007AWWV_MYZPE
OG0000133	MYZPE	Phy00DEWPF_SIPHA	Phy007ANOU_MYZPE
OG0000133	ACYPI	Phy00DEWPF_SIPHA	Phy0010H0C_ACYPI
OG0000134	MYZPE	Phy00DEUPN_SIPHA	Phy007ANPN_MYZPE
OG0000134	ACYPI	Phy00DEUPN_SIPHA	Phy0010BNZ_ACYPI
OG0000135	MYZPE	Phy00DES6K_SIPHA	Phy007AQBP_MYZPE
OG0000135	ACYPI	Phy00DES6K_SIPHA	Phy0010FFJ_ACYPI
OG0000136	MYZPE	Phy00DEUYJ_SIPHA	Phy007ATV9_MYZPE
OG0000136	ACYPI	Phy00DEUYJ_SIPHA	Phy000YIWL_ACYPI
OG0000137	ACYPI	Phy00DEUAQ_SIPHA	Phy0010CD2_ACYPI
OG0000137	MYZPE	Phy00DEUAQ_SIPHA	Phy007ARVD_MYZPE
OG0000138	ACYPI	Phy00DEX0O_SIPHA	Phy0042AZS_ACYPI
OG0000138	MYZPE	Phy00DEX0O_SIPHA	Phy007ANLB_MYZPE
OG0000139	ACYPI	Phy00DF5GT_SIPHA	Phy004254Q_ACYPI
OG0000139	MYZPE	Phy00DF5GT_SIPHA	Phy007AMRS_MYZPE
OG0000140	MYZPE	Phy00DEY3S_SIPHA	Phy007AVUQ_MYZPE
OG0000140	ACYPI	Phy00DEY3S_SIPHA	Phy00BWZFH_ACYPI
OG0000141	MYZPE	Phy00DF40V_SIPHA	Phy007AWLJ_MYZPE
OG0000141	ACYPI	Phy00DF40V_SIPHA	Phy00BWZLR_ACYPI
OG0000142	ACYPI	Phy00DF0OR_SIPHA	Phy00BX36H_ACYPI
OG0000142	MYZPE	Phy00DF0OR_SIPHA	Phy007AQXX_MYZPE
OG0000143	MYZPE	Phy00DESK1_SIPHA	Phy007AXXL_MYZPE
OG0000143	ACYPI	Phy00DESK1_SIPHA	Phy0010FY8_ACYPI
OG0000144	ACYPI	Phy00DET9I_SIPHA	Phy0010D42_ACYPI
OG0000144	MYZPE	Phy00DET9I_SIPHA	Phy007AZRO_MYZPE
OG0000145	MYZPE	Phy00DEY7J_SIPHA	Phy007ATS6_MYZPE
OG0000145	ACYPI	Phy00DEY7J_SIPHA	Phy0010ETL_ACYPI
OG0000146	MYZPE	Phy00DF2N7_SIPHA	Phy007ASN1_MYZPE
OG0000146	ACYPI	Phy00DF2N7_SIPHA	Phy0042F5L_ACYPI
OG0000148	ACYPI	Phy00DEX8W_SIPHA	Phy0010GJT_ACYPI
OG0000148	MYZPE	Phy00DEX8W_SIPHA	Phy007AUQA_MYZPE
OG0000149	ACYPI	Phy00DF0MT_SIPHA	Phy0010EUD_ACYPI
OG0000149	MYZPE	Phy00DF0MT_SIPHA	Phy007AWW8_MYZPE
OG0000150	MYZPE	Phy00DEXWB_SIPHA	Phy007AOND_MYZPE
OG0000150	ACYPI	Phy00DEXWB_SIPHA	Phy00BWWXV_ACYPI
OG0000151	ACYPI	Phy00DEZHJ_SIPHA	Phy0010BU8_ACYPI
OG0000151	MYZPE	Phy00DEZHJ_SIPHA	Phy007ASV1_MYZPE
OG0000152	ACYPI	Phy00DEWK8_SIPHA	Phy00BX2N6_ACYPI
OG0000152	MYZPE	Phy00DEWK8_SIPHA	Phy007AT13_MYZPE
OG0000153	MYZPE	Phy00DEVZN_SIPHA	Phy007AQRW_MYZPE
OG0000153	ACYPI	Phy00DEVZN_SIPHA	Phy0042BQO_ACYPI
OG0000154	ACYPI	Phy00DF2F2_SIPHA	Phy00BX0T2_ACYPI
OG0000154	MYZPE	Phy00DF2F2_SIPHA	Phy007AMVU_MYZPE
OG0000155	MYZPE	Phy00DEVVJ_SIPHA	Phy007APDR_MYZPE
OG0000155	ACYPI	Phy00DEVVJ_SIPHA	Phy0010G9G_ACYPI
OG0000156	MYZPE	Phy00DF0M5_SIPHA	Phy007AWW4_MYZPE
OG0000156	ACYPI	Phy00DF0M5_SIPHA	Phy000XPD5_ACYPI
OG0000157	MYZPE	Phy00DF058_SIPHA	Phy007AXRQ_MYZPE
OG0000157	ACYPI	Phy00DF058_SIPHA	Phy0042D73_ACYPI
OG0000158	MYZPE	Phy00DEV55_SIPHA	Phy007AX6Z_MYZPE
OG0000158	ACYPI	Phy00DEV55_SIPHA	Phy000YQ3M_ACYPI
OG0000159	ACYPI	Phy00DF1JF_SIPHA	Phy00BWZWY_ACYPI
OG0000159	MYZPE	Phy00DF1JF_SIPHA	Phy007ALUB_MYZPE
OG0000160	ACYPI	Phy00DF4MN_SIPHA	Phy00BX2ZY_ACYPI
OG0000160	MYZPE	Phy00DF4MN_SIPHA	Phy007AYQP_MYZPE
OG0000161	MYZPE	Phy00DESPS_SIPHA	Phy007AMNM_MYZPE
OG0000161	ACYPI	Phy00DESPS_SIPHA	Phy00BX207_ACYPI
OG0000162	ACYPI	Phy00DF3BN_SIPHA	Phy00BX529_ACYPI
OG0000162	MYZPE	Phy00DF3BN_SIPHA	Phy007ASZ2_MYZPE
OG0000163	ACYPI	Phy00DF5PV_SIPHA	Phy0010I6T_ACYPI
OG0000163	MYZPE	Phy00DF5PV_SIPHA	Phy007AMJZ_MYZPE
OG0000164	ACYPI	Phy00DEUH3_SIPHA	Phy0010DWH_ACYPI
OG0000164	MYZPE	Phy00DEUH3_SIPHA	Phy007APIB_MYZPE
OG0000166	MYZPE	Phy00DEW20_SIPHA	Phy007AY52_MYZPE
OG0000166	ACYPI	Phy00DEW20_SIPHA	Phy000YKXC_ACYPI
OG0000167	MYZPE	Phy00DF3MQ_SIPHA	Phy007AYMQ_MYZPE
OG0000167	ACYPI	Phy00DF3MQ_SIPHA	Phy000XQ1Q_ACYPI
OG0000168	ACYPI	Phy00DEYMG_SIPHA	Phy00428SG_ACYPI
OG0000168	MYZPE	Phy00DEYMG_SIPHA	Phy007AQLC_MYZPE
OG0000169	MYZPE	Phy00DEYUA_SIPHA	Phy007AYHJ_MYZPE
OG0000169	ACYPI	Phy00DEYUA_SIPHA	Phy00BWVA9_ACYPI
OG0000170	ACYPI	Phy00DEZTM_SIPHA	Phy0042AK1_ACYPI
OG0000170	MYZPE	Phy00DEZTM_SIPHA	Phy007AXG6_MYZPE
OG0000171	ACYPI	Phy00DEYQ4_SIPHA	Phy00422ZD_ACYPI
OG0000171	MYZPE	Phy00DEYQ4_SIPHA	Phy007AM28_MYZPE
OG0000172	MYZPE	Phy00DF38O_SIPHA	Phy007AU5I_MYZPE
OG0000172	ACYPI	Phy00DF38O_SIPHA	Phy0010CLO_ACYPI
OG0000173	ACYPI	Phy00DEXOB_SIPHA	Phy00421Q8_ACYPI
OG0000173	MYZPE	Phy00DEXOB_SIPHA	Phy007ATOJ_MYZPE
OG0000174	MYZPE	Phy00DEYBE_SIPHA	Phy007ANT8_MYZPE
OG0000174	ACYPI	Phy00DEYBE_SIPHA	Phy00423DL_ACYPI
OG0000175	ACYPI	Phy00DF167_SIPHA	Phy00428YY_ACYPI
OG0000175	MYZPE	Phy00DF167_SIPHA	Phy007ARYE_MYZPE
OG0000176	MYZPE	Phy00DF04V_SIPHA	Phy007AU0W_MYZPE
OG0000176	ACYPI	Phy00DF04V_SIPHA	Phy000YJZF_ACYPI
OG0000177	ACYPI	Phy00DF4UJ_SIPHA	Phy00BWVPM_ACYPI
OG0000177	MYZPE	Phy00DF4UJ_SIPHA	Phy007AP4J_MYZPE
OG0000178	MYZPE	Phy00DF102_SIPHA	Phy007AUZ2_MYZPE
OG0000178	ACYPI	Phy00DF102_SIPHA	Phy00BX3OX_ACYPI
OG0000179	ACYPI	Phy00DF3PY_SIPHA	Phy0042DCZ_ACYPI
OG0000179	MYZPE	Phy00DF3PY_SIPHA	Phy007AWWX_MYZPE
OG0000180	ACYPI	Phy00DF5Q7_SIPHA	Phy00BX0XL_ACYPI
OG0000180	MYZPE	Phy00DF5Q7_SIPHA	Phy007ALYC_MYZPE
OG0000181	ACYPI	Phy00DEVP9_SIPHA	Phy0010HGX_ACYPI
OG0000181	MYZPE	Phy00DEVP9_SIPHA	Phy007AQA4_MYZPE
OG0000182	ACYPI	Phy00DF21Z_SIPHA	Phy0042AS9_ACYPI
OG0000182	MYZPE	Phy00DF21Z_SIPHA	Phy007ALSN_MYZPE
OG0000183	ACYPI	Phy00DF3SE_SIPHA	Phy0042BSL_ACYPI
OG0000183	MYZPE	Phy00DF3SE_SIPHA	Phy007AOQN_MYZPE
OG0000184	MYZPE	Phy00DETAT_SIPHA	Phy007AT4M_MYZPE
OG0000184	ACYPI	Phy00DETAT_SIPHA	Phy0010BBQ_ACYPI
OG0000185	ACYPI	Phy00DF16W_SIPHA	Phy000XQ5I_ACYPI
OG0000185	MYZPE	Phy00DF16W_SIPHA	Phy007AOTP_MYZPE
OG0000186	MYZPE	Phy00DF5OU_SIPHA	Phy007ATQ2_MYZPE
OG0000186	ACYPI	Phy00DF5OU_SIPHA	Phy00BX0EM_ACYPI
OG0000187	MYZPE	Phy00DEXGO_SIPHA	Phy007AVAA_MYZPE
OG0000187	ACYPI	Phy00DEXGO_SIPHA	Phy0042EEO_ACYPI
OG0000188	MYZPE	Phy00DESYY_SIPHA	Phy007AVLV_MYZPE
OG0000188	ACYPI	Phy00DESYY_SIPHA	Phy0010CBU_ACYPI
OG0000189	ACYPI	Phy00DESUR_SIPHA	Phy00BWVET_ACYPI
OG0000189	MYZPE	Phy00DESUR_SIPHA	Phy007AV4Q_MYZPE
OG0000191	MYZPE	Phy00DF018_SIPHA	Phy007ATLP_MYZPE
OG0000191	ACYPI	Phy00DF018_SIPHA	Phy0042A9T_ACYPI
OG0000192	MYZPE	Phy00DEUAK_SIPHA	Phy007AP59_MYZPE
OG0000192	ACYPI	Phy00DEUAK_SIPHA	Phy0010BUM_ACYPI
OG0000193	MYZPE	Phy00DF34V_SIPHA	Phy007ANR6_MYZPE
OG0000193	ACYPI	Phy00DF34V_SIPHA	Phy0010CHP_ACYPI
OG0000194	ACYPI	Phy00DEZPM_SIPHA	Phy0042AT3_ACYPI
OG0000194	MYZPE	Phy00DEZPM_SIPHA	Phy007APPJ_MYZPE
OG0000195	ACYPI	Phy00DEYZF_SIPHA	Phy0042669_ACYPI
OG0000195	MYZPE	Phy00DEYZF_SIPHA	Phy007AXQZ_MYZPE
OG0000196	ACYPI	Phy00DEST5_SIPHA	Phy00BX2O5_ACYPI
OG0000196	MYZPE	Phy00DEST5_SIPHA	Phy007AQUW_MYZPE
OG0000197	MYZPE	Phy00DF0UQ_SIPHA	Phy007AV10_MYZPE
OG0000197	ACYPI	Phy00DF0UQ_SIPHA	Phy00424P9_ACYPI
OG0000198	ACYPI	Phy00DF31V_SIPHA	Phy00BX1BT_ACYPI
OG0000198	MYZPE	Phy00DF31V_SIPHA	Phy007AWKM_MYZPE
OG0000199	ACYPI	Phy00DF1DH_SIPHA	Phy00429HQ_ACYPI
OG0000199	MYZPE	Phy00DF1DH_SIPHA	Phy007ASCW_MYZPE
OG0000200	ACYPI	Phy00DEUUH_SIPHA	Phy0010GMJ_ACYPI
OG0000200	MYZPE	Phy00DEUUH_SIPHA	Phy007AY3M_MYZPE
OG0000201	MYZPE	Phy00DF4JS_SIPHA	Phy007ANX6_MYZPE
OG0000201	ACYPI	Phy00DF4JS_SIPHA	Phy00BX4AK_ACYPI
OG0000202	ACYPI	Phy00DF17Y_SIPHA	Phy00BWY36_ACYPI
OG0000202	MYZPE	Phy00DF17Y_SIPHA	Phy007ASQK_MYZPE
OG0000203	MYZPE	Phy00DF13B_SIPHA	Phy007AVEL_MYZPE
OG0000203	ACYPI	Phy00DF13B_SIPHA	Phy00BWVTQ_ACYPI
OG0000204	ACYPI	Phy00DF1HU_SIPHA	Phy000YGV8_ACYPI
OG0000204	MYZPE	Phy00DF1HU_SIPHA	Phy007ATQR_MYZPE
OG0000205	MYZPE	Phy00DEYC0_SIPHA	Phy007AWDI_MYZPE
OG0000205	ACYPI	Phy00DEYC0_SIPHA	Phy00425SZ_ACYPI
OG0000206	ACYPI	Phy00DEU9L_SIPHA	Phy00422FO_ACYPI
OG0000206	MYZPE	Phy00DEU9L_SIPHA	Phy007AQ3S_MYZPE
OG0000207	MYZPE	Phy00DEUG4_SIPHA	Phy007ARDW_MYZPE
OG0000207	ACYPI	Phy00DEUG4_SIPHA	Phy000XPU0_ACYPI
OG0000208	ACYPI	Phy00DEYIZ_SIPHA	Phy00BWYME_ACYPI
OG0000208	MYZPE	Phy00DEYIZ_SIPHA	Phy007AUQL_MYZPE
OG0000209	ACYPI	Phy00DF5UO_SIPHA	Phy00428QG_ACYPI
OG0000209	MYZPE	Phy00DF5UO_SIPHA	Phy007ATXH_MYZPE
OG0000210	ACYPI	Phy00DF2FX_SIPHA	Phy00BWX5C_ACYPI
OG0000210	MYZPE	Phy00DF2FX_SIPHA	Phy007AORD_MYZPE
OG0000211	MYZPE	Phy00DEYVD_SIPHA	Phy007ARN2_MYZPE
OG0000211	ACYPI	Phy00DEYVD_SIPHA	Phy00BX4CI_ACYPI
OG0000212	MYZPE	Phy00DEZ6C_SIPHA	Phy007AVVJ_MYZPE
OG0000212	ACYPI	Phy00DEZ6C_SIPHA	Phy0042041_ACYPI
OG0000213	MYZPE	Phy00DESTO_SIPHA	Phy007AUAN_MYZPE
OG0000213	ACYPI	Phy00DESTO_SIPHA	Phy00BX0Q2_ACYPI
OG0000214	ACYPI	Phy00DF0QP_SIPHA	Phy00BX1SH_ACYPI
OG0000214	MYZPE	Phy00DF0QP_SIPHA	Phy007ASPQ_MYZPE
OG0000215	MYZPE	Phy00DF1KP_SIPHA	Phy007AVL1_MYZPE
OG0000215	ACYPI	Phy00DF1KP_SIPHA	Phy000XQ7J_ACYPI
OG0000216	MYZPE	Phy00DEWP6_SIPHA	Phy007AY9S_MYZPE
OG0000216	ACYPI	Phy00DEWP6_SIPHA	Phy0042F1R_ACYPI
OG0000217	ACYPI	Phy00DEWZG_SIPHA	Phy00BX1KU_ACYPI
OG0000217	MYZPE	Phy00DEWZG_SIPHA	Phy007AURM_MYZPE
OG0000220	MYZPE	Phy00DEWSO_SIPHA	Phy007AN4V_MYZPE
OG0000220	ACYPI	Phy00DEWSO_SIPHA	Phy0010HW4_ACYPI
OG0000221	ACYPI	Phy00DF5DG_SIPHA	Phy00BX44N_ACYPI
OG0000221	MYZPE	Phy00DF5DG_SIPHA	Phy007AV43_MYZPE
OG0000222	ACYPI	Phy00DEU3Q_SIPHA	Phy0010D28_ACYPI
OG0000222	MYZPE	Phy00DEU3Q_SIPHA	Phy007AMEX_MYZPE
OG0000223	MYZPE	Phy00DEW6N_SIPHA	Phy007AXNM_MYZPE
OG0000223	ACYPI	Phy00DEW6N_SIPHA	Phy00425RO_ACYPI
OG0000224	ACYPI	Phy00DEXGZ_SIPHA	Phy0010FZ7_ACYPI
OG0000224	MYZPE	Phy00DEXGZ_SIPHA	Phy007AW81_MYZPE
OG0000225	ACYPI	Phy00DEV95_SIPHA	Phy004266C_ACYPI
OG0000225	MYZPE	Phy00DEV95_SIPHA	Phy007ASEW_MYZPE
OG0000227	MYZPE	Phy00DF0CT_SIPHA	Phy007AVC6_MYZPE
OG0000227	ACYPI	Phy00DF0CT_SIPHA	Phy00BWY4A_ACYPI
OG0000228	MYZPE	Phy00DEZB6_SIPHA	Phy007AN0I_MYZPE
OG0000228	ACYPI	Phy00DEZB6_SIPHA	Phy0010HP0_ACYPI
OG0000229	MYZPE	Phy00DET8P_SIPHA	Phy007AQI5_MYZPE
OG0000229	ACYPI	Phy00DET8P_SIPHA	Phy0010D0T_ACYPI
OG0000230	MYZPE	Phy00DF5JS_SIPHA	Phy007AU03_MYZPE
OG0000230	ACYPI	Phy00DF5JS_SIPHA	Phy00429QC_ACYPI
OG0000231	MYZPE	Phy00DEUDP_SIPHA	Phy007ASAK_MYZPE
OG0000231	ACYPI	Phy00DEUDP_SIPHA	Phy0042AXQ_ACYPI
OG0000232	ACYPI	Phy00DF3LS_SIPHA	Phy0010DYY_ACYPI
OG0000232	MYZPE	Phy00DF3LS_SIPHA	Phy007AXWX_MYZPE
OG0000233	MYZPE	Phy00DESXU_SIPHA	Phy007AVLR_MYZPE
OG0000233	ACYPI	Phy00DESXU_SIPHA	Phy00428ZO_ACYPI
OG0000234	ACYPI	Phy00DEWKS_SIPHA	Phy004287A_ACYPI
OG0000234	MYZPE	Phy00DEWKS_SIPHA	Phy007AQRY_MYZPE
OG0000235	ACYPI	Phy00DEZ55_SIPHA	Phy0010I13_ACYPI
OG0000235	MYZPE	Phy00DEZ55_SIPHA	Phy007AXK9_MYZPE
OG0000236	MYZPE	Phy00DEZE1_SIPHA	Phy007AWUM_MYZPE
OG0000236	ACYPI	Phy00DEZE1_SIPHA	Phy0010GE3_ACYPI
OG0000237	MYZPE	Phy00DESKO_SIPHA	Phy007ASJ7_MYZPE
OG0000237	ACYPI	Phy00DESKO_SIPHA	Phy0010FJG_ACYPI
OG0000238	ACYPI	Phy00DF15K_SIPHA	Phy00BWX4J_ACYPI
OG0000238	MYZPE	Phy00DF15K_SIPHA	Phy007ALW2_MYZPE
OG0000239	MYZPE	Phy00DEZSP_SIPHA	Phy007ARRZ_MYZPE
OG0000239	ACYPI	Phy00DEZSP_SIPHA	Phy00BX4Q2_ACYPI
OG0000240	ACYPI	Phy00DEZG5_SIPHA	Phy0042CL5_ACYPI
OG0000240	MYZPE	Phy00DEZG5_SIPHA	Phy007AVZ5_MYZPE
OG0000241	MYZPE	Phy00DEZ7H_SIPHA	Phy007AWKY_MYZPE
OG0000241	ACYPI	Phy00DEZ7H_SIPHA	Phy0010F1E_ACYPI
OG0000242	ACYPI	Phy00DEU7M_SIPHA	Phy0010HEZ_ACYPI
OG0000242	MYZPE	Phy00DEU7M_SIPHA	Phy007AWWK_MYZPE
OG0000243	ACYPI	Phy00DEW2K_SIPHA	Phy004298S_ACYPI
OG0000243	MYZPE	Phy00DEW2K_SIPHA	Phy007ARAC_MYZPE
OG0000244	ACYPI	Phy00DEUH7_SIPHA	Phy0042AUL_ACYPI
OG0000244	MYZPE	Phy00DEUH7_SIPHA	Phy007ARCO_MYZPE
OG0000245	MYZPE	Phy00DEWI7_SIPHA	Phy007ASS3_MYZPE
OG0000245	ACYPI	Phy00DEWI7_SIPHA	Phy0010F2D_ACYPI
OG0000246	MYZPE	Phy00DEUUA_SIPHA	Phy007AY3W_MYZPE
OG0000246	ACYPI	Phy00DEUUA_SIPHA	Phy0010GRA_ACYPI
OG0000247	ACYPI	Phy00DEU9W_SIPHA	Phy0010HSK_ACYPI
OG0000247	MYZPE	Phy00DEU9W_SIPHA	Phy007AY65_MYZPE
OG0000248	MYZPE	Phy00DEZNC_SIPHA	Phy007AQI1_MYZPE
OG0000248	ACYPI	Phy00DEZNC_SIPHA	Phy00420KR_ACYPI
OG0000249	ACYPI	Phy00DF3GR_SIPHA	Phy00422AJ_ACYPI
OG0000249	MYZPE	Phy00DF3GR_SIPHA	Phy007ATV8_MYZPE
OG0000250	MYZPE	Phy00DEYG8_SIPHA	Phy007AQG8_MYZPE
OG0000250	ACYPI	Phy00DEYG8_SIPHA	Phy00425ES_ACYPI
OG0000252	ACYPI	Phy00DF0Y6_SIPHA	Phy00425TK_ACYPI
OG0000252	MYZPE	Phy00DF0Y6_SIPHA	Phy007ATKG_MYZPE
OG0000253	ACYPI	Phy00DEV1O_SIPHA	Phy0010H45_ACYPI
OG0000253	MYZPE	Phy00DEV1O_SIPHA	Phy007AVP5_MYZPE
OG0000254	ACYPI	Phy00DF36F_SIPHA	Phy00BX2LR_ACYPI
OG0000254	MYZPE	Phy00DF36F_SIPHA	Phy007AOVX_MYZPE
OG0000255	ACYPI	Phy00DF3HW_SIPHA	Phy00BX273_ACYPI
OG0000255	MYZPE	Phy00DF3HW_SIPHA	Phy007ANUV_MYZPE
OG0000256	ACYPI	Phy00DF20W_SIPHA	Phy00BWZW2_ACYPI
OG0000256	MYZPE	Phy00DF20W_SIPHA	Phy007ASNB_MYZPE
OG0000257	MYZPE	Phy00DEW0D_SIPHA	Phy007AXBU_MYZPE
OG0000257	ACYPI	Phy00DEW0D_SIPHA	Phy00427VH_ACYPI
OG0000258	ACYPI	Phy00DF560_SIPHA	Phy0010BM3_ACYPI
OG0000258	MYZPE	Phy00DF560_SIPHA	Phy007ATBO_MYZPE
OG0000259	MYZPE	Phy00DEXBL_SIPHA	Phy007AVQB_MYZPE
OG0000259	ACYPI	Phy00DEXBL_SIPHA	Phy0042EF4_ACYPI
OG0000260	ACYPI	Phy00DF1EO_SIPHA	Phy00BX1HE_ACYPI
OG0000260	MYZPE	Phy00DF1EO_SIPHA	Phy007ATFD_MYZPE
OG0000261	MYZPE	Phy00DF4TS_SIPHA	Phy007ATL8_MYZPE
OG0000261	ACYPI	Phy00DF4TS_SIPHA	Phy00424TR_ACYPI
OG0000262	MYZPE	Phy00DF3VP_SIPHA	Phy007ARSF_MYZPE
OG0000262	ACYPI	Phy00DF3VP_SIPHA	Phy00BX1GM_ACYPI
OG0000263	ACYPI	Phy00DF4FL_SIPHA	Phy0041ZZ3_ACYPI
OG0000263	MYZPE	Phy00DF4FL_SIPHA	Phy007AMB9_MYZPE
OG0000264	ACYPI	Phy00DETU9_SIPHA	Phy00BX2RS_ACYPI
OG0000264	MYZPE	Phy00DETU9_SIPHA	Phy007ATDQ_MYZPE
OG0000265	MYZPE	Phy00DEYHH_SIPHA	Phy007ATJP_MYZPE
OG0000265	ACYPI	Phy00DEYHH_SIPHA	Phy0041ZVB_ACYPI
OG0000266	ACYPI	Phy00DEU7J_SIPHA	Phy00BWX5Q_ACYPI
OG0000266	MYZPE	Phy00DEU7J_SIPHA	Phy007AVJM_MYZPE
OG0000267	MYZPE	Phy00DEU8Y_SIPHA	Phy007AN1F_MYZPE
OG0000267	ACYPI	Phy00DEU8Y_SIPHA	Phy00BX1KG_ACYPI
OG0000268	MYZPE	Phy00DEXL1_SIPHA	Phy007AVO4_MYZPE
OG0000268	ACYPI	Phy00DEXL1_SIPHA	Phy0042DRC_ACYPI
OG0000269	MYZPE	Phy00DF0RA_SIPHA	Phy007ASZQ_MYZPE
OG0000269	ACYPI	Phy00DF0RA_SIPHA	Phy0010FL3_ACYPI
OG0000270	MYZPE	Phy00DF3YL_SIPHA	Phy007AQMR_MYZPE
OG0000270	ACYPI	Phy00DF3YL_SIPHA	Phy0042ENP_ACYPI
OG0000271	ACYPI	Phy00DEVFR_SIPHA	Phy00BWWX4_ACYPI
OG0000271	MYZPE	Phy00DEVFR_SIPHA	Phy007AVSM_MYZPE
OG0000272	MYZPE	Phy00DEZ3A_SIPHA	Phy007ASDT_MYZPE
OG0000272	ACYPI	Phy00DEZ3A_SIPHA	Phy0010FWE_ACYPI
OG0000273	MYZPE	Phy00DF08X_SIPHA	Phy007AQG0_MYZPE
OG0000273	ACYPI	Phy00DF08X_SIPHA	Phy00BX24R_ACYPI
OG0000274	ACYPI	Phy00DF4UU_SIPHA	Phy00BX15C_ACYPI
OG0000274	MYZPE	Phy00DF4UU_SIPHA	Phy007AVYX_MYZPE
OG0000275	ACYPI	Phy00DF07G_SIPHA	Phy0010C8I_ACYPI
OG0000275	MYZPE	Phy00DF07G_SIPHA	Phy007AVEG_MYZPE
OG0000276	ACYPI	Phy00DEZY3_SIPHA	Phy0010CTO_ACYPI
OG0000276	MYZPE	Phy00DEZY3_SIPHA	Phy007AR6E_MYZPE
OG0000277	MYZPE	Phy00DF090_SIPHA	Phy007AT2R_MYZPE
OG0000277	ACYPI	Phy00DF090_SIPHA	Phy0010C6B_ACYPI
OG0000278	ACYPI	Phy00DETBZ_SIPHA	Phy0010G7G_ACYPI
OG0000278	MYZPE	Phy00DETBZ_SIPHA	Phy007ATWG_MYZPE
OG0000279	MYZPE	Phy00DF1QQ_SIPHA	Phy007AYKW_MYZPE
OG0000279	ACYPI	Phy00DF1QQ_SIPHA	Phy00428LP_ACYPI
OG0000281	ACYPI	Phy00DEV9R_SIPHA	Phy000XPTK_ACYPI
OG0000281	MYZPE	Phy00DEV9R_SIPHA	Phy007AO97_MYZPE
OG0000282	MYZPE	Phy00DEW6H_SIPHA	Phy007ARKI_MYZPE
OG0000282	ACYPI	Phy00DEW6H_SIPHA	Phy0010E72_ACYPI
OG0000283	MYZPE	Phy00DEWLW_SIPHA	Phy007AWID_MYZPE
OG0000283	ACYPI	Phy00DEWLW_SIPHA	Phy00BX0ZW_ACYPI
OG0000284	MYZPE	Phy00DEY78_SIPHA	Phy007AMQH_MYZPE
OG0000284	ACYPI	Phy00DEY78_SIPHA	Phy0042BWI_ACYPI
OG0000285	ACYPI	Phy00DF407_SIPHA	Phy0042AG6_ACYPI
OG0000285	MYZPE	Phy00DF407_SIPHA	Phy007AWLF_MYZPE
OG0000286	MYZPE	Phy00DF4OS_SIPHA	Phy007AYR0_MYZPE
OG0000286	ACYPI	Phy00DF4OS_SIPHA	Phy00420LL_ACYPI
OG0000287	ACYPI	Phy00DF3FE_SIPHA	Phy0010GVV_ACYPI
OG0000287	MYZPE	Phy00DF3FE_SIPHA	Phy007ANV5_MYZPE
OG0000288	ACYPI	Phy00DF0LU_SIPHA	Phy00BX15Y_ACYPI
OG0000288	MYZPE	Phy00DF0LU_SIPHA	Phy007AN5H_MYZPE
OG0000289	ACYPI	Phy00DEZN9_SIPHA	Phy0010EAE_ACYPI
OG0000289	MYZPE	Phy00DEZN9_SIPHA	Phy007AW1N_MYZPE
OG0000290	MYZPE	Phy00DF038_SIPHA	Phy007ANCH_MYZPE
OG0000290	ACYPI	Phy00DF038_SIPHA	Phy004234A_ACYPI
OG0000291	ACYPI	Phy00DF29J_SIPHA	Phy0042C5B_ACYPI
OG0000291	MYZPE	Phy00DF29J_SIPHA	Phy007AUJO_MYZPE
